,y_hat
0,657900.2541310026
1,619747.5864308522
2,652317.2966348098
3,606784.4991161936
4,478671.8697448661
5,751552.3718513722
6,469016.10490123776
7,383490.25616045075
8,402801.7038399599
9,279632.2983192637
10,879982.2707996056
11,486345.9030677178
12,647247.3756653826
13,559086.1216726152
14,335396.233690753
15,951093.9492938251
16,1017697.3013434178
17,912014.395482789
18,611936.2308651039
19,240711.32036529935
20,537141.663467509
21,853439.7561987936
22,1550071.6071283082
23,143559.19049634968
24,529828.4393576854
25,408629.8416607542
26,478295.5944524426
27,236936.83394217066
28,530128.1363273914
29,-63246.01690950128
30,595338.7051247125
31,457368.3536115604
32,354418.5807641084
33,551105.1365079036
34,1534225.0335268173
35,1031009.8065091657
36,447659.99038809247
37,648574.7801220383
38,1117573.5464719906
39,569963.8494746088
40,594878.7322960948
41,265944.9023404074
42,414647.43187743885
43,526477.679908271
44,293733.39523241064
45,502000.0769068361
46,804722.9282679986
47,402888.9996160604
48,666600.1956520781
49,500398.2087189209
50,406174.3977414182
51,1167852.8921809746
52,917441.5510281964
53,59980.46871642623
54,542186.9787090274
55,539083.8521881005
56,333242.2956081993
57,829738.310593917
58,95730.00178012694
59,794718.096103323
60,621978.3990022964
61,409096.07169323956
62,319112.29082877754
63,1186727.2056810462
64,457856.6194868511
65,288377.38488097256
66,707508.3432444001
67,804354.398924559
68,313456.8161986525
69,709874.9763291813
70,987744.4835446132
71,443577.1957943329
72,1144698.8036295394
73,458633.83559888194
74,410916.15471423767
75,1066040.8760531703
76,718029.659332046
77,257102.20180811273
78,199036.00819811167
79,649828.1739083382
80,463357.68124544044
81,513903.83920360066
82,425719.05953155644
83,512104.2526813663
84,945303.5912882295
85,252733.2990082453
86,633172.855105087
87,651064.9392263826
88,176733.5753874908
89,543709.305932451
90,235506.2379081504
91,457707.2255064245
92,423038.9661726467
93,553267.6570364858
94,416818.0185039957
95,634158.2747986381
96,431148.05663218856
97,385375.9235024755
98,850283.5049720006
99,703509.5116674738
100,429486.27152472496
101,724752.0532448499
102,488385.6848503413
103,226450.2913247287
104,730558.8656983101
105,220830.60875554295
106,632328.7771769788
107,736482.1837630505
108,433333.62662350957
109,294973.6311174635
110,594881.4741642659
111,1565065.637614132
112,961190.7330413336
113,389120.23872953514
114,270027.4703671431
115,294596.6235041495
116,262026.44508788962
117,1604500.4122426158
118,645344.0537661621
119,136011.04970587682
120,220764.92993356287
121,831102.8120666242
122,1550371.1669043438
123,616517.5192450169
124,458290.3367971651
125,476552.5724293776
126,225846.56807830717
127,447045.9213659728
128,773530.8738368417
129,199221.36144459585
130,510609.0951801132
131,165515.49855580844
132,183788.25041419498
133,893752.4114173062
134,236754.18454210908
135,786277.2677984389
136,573211.225884699
137,494592.63178364735
138,257612.89631064152
139,577161.4422525251
140,230553.35758358042
141,681146.056273783
142,394353.5838326996
143,360790.39196855354
144,763975.6530487104
145,499032.1755338906
146,305307.6903868603
147,517534.93634685606
148,462555.17719033995
149,216796.86919433207
150,305406.7733284614
151,550256.6408432631
152,511349.15787856834
153,772525.0300352059
154,775626.0519567458
155,692922.9348541051
156,713604.1144745506
157,826625.2490572089
158,463066.71036508656
159,536114.585442396
160,723776.6063240259
161,298311.2478607905
162,248816.76083394038
163,474969.39682120853
164,419366.4940320882
165,352344.9718132556
166,528168.1494842131
167,287973.6009469569
168,414492.1356920375
169,1321785.4610922597
170,409931.7343686503
171,447771.771711261
172,521402.9533305696
173,510482.8089418772
174,417100.9184031929
175,576463.3833675204
176,484274.8483396137
177,253344.10522350806
178,471345.9749706225
179,173347.62250548825
180,1549981.5936525834
181,485353.56468798715
182,860036.462059682
183,509195.1350066684
184,1139252.530702132
185,971628.7051204843
186,459902.2391574031
187,229023.12915370672
188,496725.6699789942
189,339908.17216001666
190,282576.6916053301
191,551287.3340906862
192,679913.7303517389
193,522878.6845018269
194,470702.277085986
195,141992.27947125718
196,593336.5890587303
197,674675.2629909738
198,411638.9056304251
199,384015.42360211536
200,126466.64362815881
201,557952.8234687621
202,309368.4317554428
203,965047.7216934162
204,935854.7061372396
205,218649.00442054216
206,212765.44961770423
207,330181.28775217314
208,654966.3763934413
209,602649.8323555046
210,530703.1307704642
211,392748.45246539486
212,390888.7685837767
213,383167.1357307461
214,365902.5789115435
215,743402.0231190824
216,130364.23983127665
217,592301.7482218056
218,1266325.7173717325
219,632428.2275761955
220,521875.3735268889
221,609501.6146537691
222,364820.1455858697
223,1100974.4235165194
224,640510.8494041009
225,427963.68831879203
226,683310.9787017651
227,513866.09729250264
228,282533.00290547777
229,775674.1570348097
230,683013.8134487984
231,978195.2691913279
232,740998.096308289
233,193057.3486850136
234,458283.34612458374
235,576129.1196970152
236,637151.8837379387
237,700234.0017737853
238,220581.3277742816
239,364800.43891899515
240,373744.00806593616
241,360892.1736662582
242,599134.065204157
243,69053.95855966624
244,407804.88688868016
245,301572.22560363926
246,272719.595523344
247,353535.58560752147
248,1008082.6528930287
249,534635.9439866033
250,446736.461185445
251,550797.9757549263
252,360818.78688186547
253,95042.60944768554
254,633852.048513396
255,409262.1564844663
256,215665.67912112703
257,308961.3590264166
258,582672.0654967423
259,527018.0049284374
260,665483.9284352203
261,686487.5144389041
262,496131.15837670665
263,665104.9629357693
264,252092.6315715903
265,478921.04943287227
266,691096.8098164977
267,258482.22887125332
268,2701130.4055259437
269,178650.4200137786
270,910168.8838976736
271,911866.2187331549
272,203512.70282840455
273,439940.20858251874
274,761895.0544475161
275,856534.3607137369
276,872887.9678039261
277,220772.7644376943
278,428727.680208471
279,1080221.5594226664
280,680128.9844815728
281,433374.0846050897
282,296987.32837810274
283,443505.4031071994
284,669015.1090104261
285,759690.735723298
286,887346.4390923085
287,542772.3872555366
288,515720.31031038467
289,290245.86978404125
290,211296.48949208087
291,314540.22969759564
292,705968.1170027831
293,188415.39451983757
294,736801.5590301956
295,922298.9383914763
296,635357.5664036601
297,447639.82530444255
298,798793.7553962448
299,594833.3320721406
300,574630.512714661
301,477969.8833076358
302,374029.1670600804
303,744723.1231664522
304,868600.4129417395
305,517572.6675782255
306,848057.3552346114
307,634241.3126916566
308,445720.7449798116
309,321465.9873391247
310,1309777.0307441563
311,780451.0891108909
312,520590.6221845978
313,478758.59546337253
314,589926.2736456972
315,310672.9061822568
316,553629.7788435443
317,325123.0515196548
318,1032257.8488084368
319,389647.7909325117
320,223616.69808946276
321,134695.21073789566
322,604079.1000485858
323,66577.3889945685
324,364341.32782424905
325,343274.3259728821
326,450883.58168421173
327,150715.2965443968
328,468630.7680900659
329,297795.7387431406
330,458100.48639352736
331,320612.39480386034
332,762065.6166703498
333,265998.29184281884
334,275295.6894432705
335,690542.9913528
336,853993.025580695
337,460362.5351667728
338,382230.03589881375
339,872900.1714214814
340,802772.6740043284
341,632211.4677467183
342,785036.4733591427
343,785126.9478851664
344,759144.1403204628
345,604854.1107099481
346,303081.887487435
347,350323.29970803956
348,660075.6883591029
349,326063.70807382814
350,708684.2010468317
351,547244.5855663002
352,572451.2225580957
353,855717.122147935
354,287966.3212969499
355,513083.0398793819
356,475749.58882926364
357,1658619.7170701125
358,888116.8452932936
359,927720.9962459585
360,550435.5362478121
361,377076.7059574487
362,449034.6466785766
363,595468.8731313142
364,782740.8123257373
365,655134.1163738783
366,553470.7659113795
367,1264226.3286428791
368,657289.7567295277
369,9621.991905533825
370,617714.1314958647
371,402151.0131369685
372,729774.6277593833
373,471755.08234272775
374,186888.5648449052
375,466415.7219838457
376,736624.5754564253
377,598460.9396615807
378,489139.828960825
379,337228.1131320363
380,735629.160554623
381,460393.53798433614
382,551230.8840405317
383,200473.16936759162
384,735554.438699143
385,532768.086028885
386,382199.9094450795
387,543624.0565551751
388,745776.6760307404
389,1127217.6177732358
390,439363.1787520716
391,811404.6355744023
392,440261.95312581665
393,519140.6585590069
394,527052.2840147789
395,365240.3462378284
396,596353.9045839193
397,826385.8602992373
398,591301.305264256
399,525686.1105989474
400,1011538.3295973352
401,259786.16468784816
402,524305.3678407574
403,271899.9700905882
404,193960.23371069838
405,58216.780988018494
406,781226.7062234204
407,405943.74516227015
408,151021.69519473772
409,546725.9151342884
410,341931.8721989994
411,483172.30603469966
412,434657.78170505154
413,619415.627879194
414,298485.63021522714
415,357957.43685480463
416,379179.4323717834
417,585876.9954025326
418,100948.38970872737
419,922552.7437744542
420,305373.0030567783
421,1084906.8088358121
422,351268.8991520192
423,599476.0989674844
424,214107.828225225
425,779081.8525052937
426,477619.05141528236
427,237494.7448602502
428,355066.5623016968
429,524384.0267061252
430,481231.109686306
431,1073753.1654566654
432,221967.05086556508
433,816688.697174679
434,424974.4900751499
435,550526.7784480517
436,356486.2332949792
437,531382.6218266587
438,501793.73454712075
439,518562.7722389536
440,742500.7346268534
441,555422.9304091255
442,576804.66337435
443,589044.5067910864
444,818368.0123708383
445,460796.3074239257
446,360946.7750292927
447,574397.3840866063
448,463168.16525941197
449,626203.2243369401
450,408052.3056134178
451,660512.8254233182
452,789109.7488183826
453,571804.0753273309
454,813038.2878544636
455,106683.85348817986
456,466735.43400052434
457,590121.3415386283
458,709684.6471108412
459,424809.03182141215
460,467190.6540219299
461,470833.1770724427
462,687113.7878747943
463,305478.8400113348
464,559440.4927923891
465,692044.3575387845
466,1182267.0002198878
467,442497.1249375043
468,677042.2164034857
469,436092.6194287461
470,563305.1526683022
471,377819.74313915207
472,517306.85401544895
473,573541.3553271953
474,311946.488754571
475,323579.2280365265
476,591632.3974053178
477,1579677.5035319962
478,280360.1657779338
479,725413.3090384285
480,654247.6882282742
481,258241.21164587451
482,325174.1937416849
483,670332.4503902469
484,639955.4787616234
485,617348.571176647
486,916439.6621963751
487,436997.67761096405
488,1300568.512004269
489,711583.8184194702
490,833055.0500525802
491,546650.1283391503
492,294726.5885258935
493,700365.702475088
494,382895.847375173
495,696185.4365502993
496,736879.6786071652
497,785535.3470259445
498,161287.63549647317
499,345419.35992220684
500,184619.34115738547
501,982131.1697216826
502,150067.80214013602
503,417173.56030998786
504,646826.234684372
505,524629.3606168604
506,513794.511751911
507,327359.85864570364
508,250842.49524484997
509,122534.3970065293
510,198740.7507092543
511,873786.7776274631
512,576304.1653138112
513,783626.2270372615
514,441266.4796898512
515,377908.05918850156
516,363019.2481717691
517,505930.39448329725
518,505290.1783402697
519,620116.1381334334
520,264139.57496885466
521,198001.32366480236
522,596999.0498515264
523,681652.1663932044
524,173386.03616921682
525,937254.534473134
526,590028.3620832668
527,551114.1979301486
528,861190.4140325277
529,199100.5742043711
530,310228.56756520673
531,642646.7837463995
532,713584.0147776515
533,503907.5194723371
534,366496.9682728709
535,98008.4867661338
536,299906.4766552338
537,899477.6742642729
538,645659.7449671769
539,778561.1173108018
540,508135.1047708729
541,652058.8992975466
542,863284.4365959144
543,371839.8878179372
544,773209.5954914829
545,553125.3530836893
546,200739.71691246086
547,738092.644014313
548,1490525.7147974255
549,203571.85219943585
550,159404.75890653674
551,135422.9830316964
552,761184.7605696813
553,518150.6386445593
554,865889.6009684504
555,211415.61654379513
556,895165.3323213931
557,297606.997158125
558,380717.76604963635
559,552612.7715999256
560,631845.4228409798
561,603323.7034706092
562,619678.9046660007
563,479997.67452843906
564,724197.5412779867
565,642578.6068757426
566,461097.79881943297
567,380353.8839876719
568,747403.589494649
569,619264.2543085663
570,338810.41107643256
571,566817.2086634578
572,525903.9545940127
573,568203.6017127442
574,380759.57155556895
575,337868.83347346494
576,615955.7934850524
577,347987.96827224875
578,497016.0637119746
579,208128.9050529106
580,560916.7317833432
581,221351.32916893417
582,683292.31203031
583,461283.72765667207
584,285600.037993526
585,751455.0348691544
586,551288.7875152556
587,175173.74528958992
588,654508.7007521167
589,733975.646492026
590,566355.3833349696
591,477760.89193738246
592,434305.6601655161
593,517362.36385973345
594,571388.8954273303
595,557401.420906449
596,596248.1999092364
597,573112.1697796809
598,914283.1802075547
599,586233.0956242837
600,599819.753986546
601,538642.9719025567
602,300858.6497081028
603,4173.788697498152
604,541056.89891243
605,1039807.0489786984
606,612345.7579549735
607,835697.7401819649
608,493301.40599399304
609,2896796.1899627144
610,570613.5993732377
611,244128.48682141578
612,1647353.3574100505
613,847418.8113334931
614,1070362.834954837
615,635883.7766395884
616,223267.94418008177
617,274825.8038454932
618,384525.7871581201
619,575251.6428335437
620,573411.062111805
621,582951.9463230834
622,740750.1981320106
623,275942.7330336714
624,457271.80758956505
625,228930.0933065334
626,563875.6162814012
627,494843.08991528396
628,331292.5132407281
629,1079616.1774685683
630,172257.43401805105
631,351559.4751784598
632,324603.328025433
633,674367.9802792855
634,564909.695101242
635,430694.5604944294
636,605998.5178713833
637,693712.3710271781
638,199566.64943478414
639,308539.26765233465
640,1381604.9298967086
641,828498.3771920991
642,657473.0984546526
643,169065.11597600096
644,217067.25218270448
645,905579.5900045484
646,214764.83936196435
647,424204.842103814
648,568221.4917801452
649,393325.0167169495
650,468894.6734507873
651,1425344.4109407566
652,775317.7338955468
653,146688.67061382014
654,1029408.9312226725
655,507118.2665452576
656,445840.83525127516
657,578214.6340717126
658,587781.5705134759
659,752238.5578080509
660,361361.4353930822
661,457384.6449282343
662,902268.9796291857
663,450114.3124043364
664,521772.00003767654
665,763555.4926919751
666,1207762.3926584758
667,473959.7857875075
668,805781.616081347
669,347623.1698416678
670,974293.6665743593
671,348861.4768588628
672,1030136.8953443998
673,584050.1898382283
674,201914.4482005642
675,538234.0543651056
676,356381.3690793497
677,600799.0607216755
678,277650.487040705
679,450350.8808677683
680,592976.575791819
681,403065.2042699325
682,342754.1035492453
683,429240.263273136
684,225546.64337556798
685,412720.98964346957
686,396653.4039122122
687,177570.34341620404
688,632211.2184372104
689,469945.9375398777
690,1915964.0206736904
691,363293.2975046289
692,662884.2374195944
693,556393.7094108302
694,477999.4632965734
695,352992.76528097887
696,269866.77543170203
697,454747.8024920121
698,301932.7462983574
699,595261.5610852673
700,491525.05160414515
701,339046.4779162721
702,478586.63343794004
703,447542.6986240953
704,535960.5724011732
705,1760202.800666628
706,482690.6137304109
707,545507.3439034449
708,563551.890474837
709,555767.6113439538
710,307728.13380260416
711,537169.4146368192
712,885929.6209238073
713,551861.2093343674
714,1091961.8236836938
715,1474525.9246257124
716,500136.4251411192
717,898141.3344193023
718,483532.35785051837
719,319282.0928362971
720,486160.7752955424
721,613191.3077474749
722,817910.0896975596
723,346002.060811006
724,381773.4691934881
725,649526.7783400412
726,433814.7603974669
727,307606.94789198204
728,366555.4022260459
729,407575.45103176194
730,218930.89588023728
731,521563.76182809484
732,659572.3827855076
733,1131105.7446820657
734,452486.373068452
735,544250.2078364667
736,695902.3268135071
737,734460.3041676442
738,307589.1199053447
739,406348.87422793184
740,487038.3864253209
741,594142.9824816091
742,175371.5305577101
743,447958.1441231464
744,471574.9049755181
745,175867.12511140882
746,216767.18260876124
747,738847.312446122
748,360527.75876809657
749,379116.0337496946
750,366928.0662832897
751,761460.4509806493
752,316142.5800392839
753,252726.532212474
754,183067.00960897421
755,283952.8413919563
756,470295.0792056654
757,159426.64482789524
758,605985.704586409
759,378453.70776874444
760,648105.7418831573
761,395667.6162471442
762,382079.5918020307
763,575931.172967821
764,449572.0208915263
765,727158.5715586215
766,893806.044876074
767,1149592.0070627576
768,298439.37098955084
769,463683.1916020432
770,612904.204561328
771,451596.42349610245
772,338100.55098475673
773,560193.0302460499
774,273484.2485906447
775,170031.15352548266
776,627035.3928506743
777,489047.884402489
778,415998.73875666375
779,1398573.7469994044
780,473351.97035842645
781,970436.1016738195
782,789503.2899648836
783,747607.2659822344
784,175666.5088174731
785,1403055.575324829
786,346292.82247679064
787,387999.3457047998
788,95739.66778851824
789,749933.4051135265
790,712542.2269195869
791,192123.52925962384
792,613154.2607319936
793,876805.2771887291
794,117434.92103889759
795,585221.7010028069
796,667940.2919188807
797,881211.7712387368
798,451880.9251343799
799,56872.780456062
800,504600.33472498995
801,502535.5557967862
802,493103.3671507955
803,333486.40804258536
804,345993.5427453824
805,816923.2862556286
806,385235.41874497826
807,703973.4576723825
808,738278.3774893181
809,186951.8261800525
810,785619.8476294075
811,1861311.3765583197
812,363453.4272485509
813,848987.4090005113
814,483037.29728927754
815,560698.4667963175
816,135843.14796229283
817,534255.4289823662
818,274915.4607467836
819,744504.2752140613
820,162410.1710304368
821,909766.3555636335
822,152713.04699195217
823,418331.2649661137
824,414334.27197779977
825,877488.3122712863
826,544331.2282129086
827,480353.8294686375
828,619200.9533442203
829,541667.111457767
830,630592.3610716453
831,500852.3856067861
832,517856.09886575036
833,253184.79590114794
834,140062.975507014
835,254664.94900329213
836,269976.8278496902
837,641101.0652076522
838,381613.04206752614
839,461723.14879105194
840,714716.0882541118
841,572733.4526692226
842,643710.4115565103
843,832163.5228071839
844,239716.16813433313
845,344156.0195559816
846,685101.4011095723
847,382180.20911950414
848,639683.510765969
849,639419.2775943145
850,361489.8205590746
851,268840.4769013587
852,575789.3878131374
853,635464.1178545192
854,607009.3703344997
855,366801.0313780878
856,2238526.5374645814
857,489859.591261461
858,404508.4047787711
859,673774.1226541485
860,471416.5522742493
861,558450.8178421985
862,802393.5151206
863,542436.9334593312
864,699840.1540474745
865,345209.60098163894
866,491439.90490989503
867,108932.46061567753
868,505311.7831379039
869,504973.3801960356
870,356304.3344226115
871,491597.3773004508
872,167551.78828774855
873,625081.046733292
874,501959.72708159016
875,519599.5786238161
876,452476.84660337225
877,289645.97428538196
878,261483.67442664475
879,787346.7539845806
880,596846.6554292942
881,317413.26831432234
882,218023.8004359715
883,592622.3033840469
884,595874.1233852985
885,683070.4936519383
886,277278.7981204542
887,860258.4375033714
888,693930.3139533789
889,305124.449371185
890,390667.36344281316
891,578200.8030730747
892,640223.7358093743
893,977680.1712191051
894,329223.98295797966
895,682890.7724323707
896,474440.5220063183
897,518729.2745311195
898,839127.735512684
899,664229.5856328607
900,690730.6229885106
901,534249.8516329916
902,368045.218029539
903,376247.8438118078
904,604582.4899204662
905,441300.02676621056
906,1048985.327493581
907,518259.0514321921
908,375356.5203423335
909,2442207.906612656
910,1331635.7242565544
911,582948.1144058959
912,1395529.2040879847
913,594528.8039084102
914,748551.0254639295
915,311888.52702056133
916,1610303.026752052
917,529046.9257901326
918,1711855.3811423439
919,939399.105561613
920,363048.2104768701
921,521092.8894362324
922,195157.3952966706
923,578656.5586746795
924,228859.0949890295
925,372144.0495901283
926,522240.1491419973
927,409508.3366593449
928,385225.7358018604
929,22663.689205860952
930,164258.68630734438
931,231169.64967945268
932,774425.7820250631
933,920018.4443292756
934,601483.4209946006
935,663280.3036511678
936,1740701.2829083991
937,177691.55434865295
938,524567.2885987865
939,623223.8178294234
940,681403.2583445113
941,354863.0233293023
942,502862.6495944032
943,573958.0932139192
944,523845.76237209205
945,256527.26166148993
946,452440.24984202837
947,575271.6366320855
948,803218.912906821
949,473887.68183865125
950,632787.8012990468
951,579249.4463888437
952,966209.6865081373
953,485270.0581134355
954,449440.8219268136
955,323672.3931300059
956,471271.84519379877
957,372413.9387091624
958,966241.4605150397
959,494135.385375872
960,441117.42074719723
961,327322.2466149736
962,459785.77402279683
963,518537.3357751827
964,374043.71934104234
965,363451.4558700537
966,1061675.7905370514
967,556994.4944081084
968,332220.055228819
969,457009.85762885463
970,740402.7274071923
971,639417.5481592197
972,197546.8886836953
973,235373.72683739592
974,528068.0052938388
975,275761.56803498033
976,1495150.3324103728
977,341964.7555180363
978,275753.1111145484
979,827909.6762400459
980,403251.2166454437
981,554863.6901521594
982,723241.6688782291
983,920884.4148166416
984,353991.682484611
985,1057886.2012752385
986,395396.573302889
987,680575.2222293959
988,319955.99093622214
989,708856.1963819978
990,827065.2770054603
991,1033294.1470672967
992,316669.6771715941
993,1027338.2325453861
994,638024.339522575
995,275359.88428607944
996,577397.7599474106
997,947220.0477393307
998,555485.1630245023
999,446678.73252359184
1000,635816.9793458683
1001,723362.5091848534
1002,268179.57019204216
1003,315542.41777171905
1004,526407.6813731198
1005,340440.9013485901
1006,177040.7017844103
1007,602898.0661861782
1008,741781.983839665
1009,771456.3682819685
1010,797314.2085785582
1011,515447.7100971533
1012,2563910.6549533685
1013,285077.08368667285
1014,980839.677573756
1015,244673.9534957143
1016,377330.25020213606
1017,476272.88049605465
1018,735606.112191313
1019,532959.0715543994
1020,838822.5241124977
1021,508044.29085148405
1022,469891.4811088578
1023,726702.5012417557
1024,633967.5941176892
1025,381077.2356686586
1026,888860.0692750996
1027,644959.0781251816
1028,207780.26470768018
1029,944486.6166382534
1030,747033.4214452554
1031,344693.11738130916
1032,532490.7534417501
1033,225937.47942951907
1034,851820.0216410274
1035,266674.5517371914
1036,268216.49823871464
1037,914747.102762233
1038,1819845.028287443
1039,343257.2471231513
1040,489204.13536197634
1041,510624.5204390014
1042,393831.4348257417
1043,208236.11531706288
1044,441006.9337837931
1045,771240.083867881
1046,295791.7771227447
1047,675877.1675596795
1048,420838.6627231257
1049,440151.18989605503
1050,626290.0048502727
1051,600775.6572452282
1052,547573.8023372295
1053,170112.9742312386
1054,692031.2685708755
1055,133872.42650383906
1056,776242.3518103864
1057,329954.4738363997
1058,139620.97164839308
1059,423980.8769735343
1060,764302.8726044694
1061,259581.98013433284
1062,163435.72321538386
1063,389587.18465480726
1064,658779.9704919166
1065,321351.771049047
1066,199437.10801212295
1067,824988.3133549
1068,650567.2085890186
1069,376177.5607110907
1070,436788.229517182
1071,599424.1942426905
1072,712098.8909856214
1073,461558.99036178907
1074,346247.0788600128
1075,518899.3795036501
1076,1449414.2201027728
1077,989969.1485624824
1078,584647.96897975
1079,653015.2965382584
1080,386639.23997450975
1081,346771.9348897028
1082,875940.670849318
1083,756132.6738346665
1084,274161.7681064394
1085,1026283.6231448626
1086,170174.98292111597
1087,376828.4301223458
1088,970231.7196696313
1089,782263.9512096221
1090,371639.10223444784
1091,636752.1255143589
1092,1325885.6033755592
1093,253886.9305937963
1094,420966.7165558864
1095,214281.15121534304
1096,458430.1166314613
1097,1018659.998198602
1098,500341.8279348203
1099,581582.1972888899
1100,486843.08312238485
1101,154515.82573368266
1102,731501.8634300379
1103,1152868.8779733824
1104,254007.4491385225
1105,491819.87476060615
1106,362087.9762017674
1107,255772.96050779056
1108,474522.0632424572
1109,447816.6416163136
1110,796313.817514495
1111,441701.38068177947
1112,649433.1392121143
1113,485684.72726037994
1114,236814.41986354158
1115,580155.6161765624
1116,580587.7087600857
1117,1033813.2060014883
1118,798580.8312545893
1119,2080499.3605216565
1120,704791.9915815096
1121,835928.6546386535
1122,1382441.9237478364
1123,335595.8325456218
1124,1305541.302761009
1125,655595.2421059454
1126,461616.68012332194
1127,201608.68409066088
1128,444028.44865108246
1129,483790.277249885
1130,398884.38698677206
1131,399855.71200828516
1132,94402.66993688047
1133,686858.7465987115
1134,539728.0809792719
1135,497084.03365223075
1136,1049959.7349271742
1137,1623944.6043363323
1138,733585.4822345058
1139,189673.4734351731
1140,527452.2649190776
1141,598807.8056795847
1142,1663826.4257429224
1143,135872.04990805258
1144,817026.3808774347
1145,695624.4216653313
1146,474220.8312728844
1147,792268.6610927957
1148,708284.6381382725
1149,410942.791474844
1150,581998.7394684168
1151,412469.91581688845
1152,780276.0573664595
1153,644078.2054374753
1154,468325.21845722327
1155,438589.7841371189
1156,91294.64818212256
1157,564956.8118268813
1158,445559.27151796786
1159,376168.03667706664
1160,290336.6799491233
1161,674821.7233532511
1162,187819.36735912334
1163,309091.4406338678
1164,788136.313814732
1165,2137655.10442311
1166,153195.61016991368
1167,651164.5719951277
1168,618815.4874305184
1169,348551.3345893292
1170,912425.8409788001
1171,947401.2052777867
1172,148697.81691134447
1173,366809.1917292192
1174,521984.2640554567
1175,547747.7701520801
1176,438868.5221456891
1177,211558.9159492037
1178,306471.3576123533
1179,537719.3414554924
1180,29382.758252514177
1181,641939.6767158823
1182,398806.2156796369
1183,591926.9710071187
1184,1128847.0930357461
1185,732119.2205253268
1186,610560.4774208157
1187,3311610.8528664405
1188,143210.8245037685
1189,482784.79841480835
1190,402044.5184190244
1191,489513.25591295515
1192,2540524.596292578
1193,684009.6260620103
1194,259492.59503735704
1195,982090.3883193546
1196,425600.2769034988
1197,517566.02564008144
1198,595288.1035623575
1199,383417.0965673465
1200,711684.6927768874
1201,752586.8723125921
1202,590207.4959369506
1203,843538.6019020799
1204,766497.9021098703
1205,669257.9810428336
1206,303248.538822719
1207,417890.6299858212
1208,223941.87453470513
1209,588932.3389164261
1210,518918.7422128142
1211,414966.69341910025
1212,343034.30923580617
1213,373862.49276491906
1214,870494.9268243726
1215,734820.4917664498
1216,260566.97988877993
1217,764229.5555376934
1218,494522.0779158817
1219,757991.5749707633
1220,325832.9189120629
1221,1806252.2503733009
1222,950567.9347326248
1223,210811.99853061355
1224,256688.37611193955
1225,767268.6088472893
1226,934291.6942064061
1227,443127.8276968492
1228,336822.77012011985
1229,1096816.4322501658
1230,713537.6004457264
1231,599864.420774126
1232,435693.3686651637
1233,638529.747590154
1234,566259.1004723674
1235,510769.15168377943
1236,542802.5067045065
1237,305256.7994576518
1238,204268.033034747
1239,905084.4158555939
1240,307789.8588506998
1241,314679.22598693403
1242,287340.33555141493
1243,525471.1358693645
1244,720491.0346761082
1245,1116389.1737573184
1246,553572.5010389814
1247,272328.7694488835
1248,538724.1603715902
1249,683253.0509912769
1250,306393.4828650779
1251,444985.8781332328
1252,589615.732017639
1253,892922.5081035305
1254,411383.75230170216
1255,345155.8701042104
1256,169614.98618171847
1257,579613.5647584512
1258,708908.9163355537
1259,78194.14183428814
1260,441263.7062050167
1261,521726.6534444479
1262,735293.0167656338
1263,282592.8945525085
1264,542457.1866676919
1265,1009310.974237326
1266,2703508.119219718
1267,490023.8979021729
1268,179920.0608208587
1269,387313.73479148187
1270,386801.73433160305
1271,408897.60253836535
1272,487837.4811339096
1273,676859.1263572718
1274,409660.96131669224
1275,207970.76397370157
1276,381060.4410936828
1277,678432.2944334524
1278,809264.6876231624
1279,388601.82425411127
1280,752411.2830490648
1281,310274.77822543646
1282,309736.4619614951
1283,813319.377414429
1284,455281.0770722382
1285,811373.0658184406
1286,564368.8101970293
1287,381491.5858164577
1288,449094.34794256755
1289,163103.97729645323
1290,429465.6520120334
1291,329990.42437089776
1292,469015.3776522003
1293,755911.1881762418
1294,391274.25190205255
1295,742128.9040517651
1296,426396.4914088419
1297,216017.51736247778
1298,1022238.2203313789
1299,612841.649907955
1300,171240.4586379505
1301,514830.08280657243
1302,533781.1302809734
1303,493524.2570380513
1304,1175833.625087039
1305,224047.4248068635
1306,609308.8812992829
1307,868902.8455798414
1308,356713.59034870437
1309,856979.3917147388
1310,20412.908591399493
1311,511267.1331863262
1312,414140.15075930173
1313,929897.466870019
1314,619849.6288197604
1315,192705.73215116168
1316,867244.2794710007
1317,1214166.6256963597
1318,179287.29862089222
1319,560164.9565362802
1320,334000.3423367833
1321,291818.5176743722
1322,296832.8322323493
1323,422063.3311502924
1324,444230.2273694199
1325,663661.917019902
1326,216423.6907679377
1327,644468.9449289569
1328,779865.20755073
1329,875661.2902676685
1330,369007.3385884594
1331,392031.7493588027
1332,708628.031938982
1333,615452.5278821455
1334,584963.0596228304
1335,420283.63775429584
1336,1317749.0305960558
1337,117160.36498032138
1338,1141618.110133198
1339,599606.490111487
1340,508426.15125727595
1341,1213809.9926042827
1342,722650.887566443
1343,411172.4816696506
1344,569564.7619266119
1345,387522.61589013785
1346,651070.1089735986
1347,66553.97036367649
1348,806485.3057852087
1349,591427.7517303715
1350,564448.6703968954
1351,391835.25395919185
1352,357040.19750690187
1353,823433.6056261655
1354,409947.8845292464
1355,348054.06578106666
1356,221867.36826053972
1357,499758.39669404563
1358,675881.4782718755
1359,870389.8447328324
1360,489780.3710950059
1361,924769.3119393386
1362,536828.0221746713
1363,308933.19736490166
1364,407852.75367356744
1365,898381.3535647879
1366,699363.2377188702
1367,144512.29335607152
1368,577612.508651183
1369,766407.4366778508
1370,637972.5393203602
1371,565280.7532425231
1372,344875.2567228588
1373,838879.7223574069
1374,228553.77304038766
1375,313015.53334674303
1376,671727.7765800906
1377,461529.2177841719
1378,519254.46162008715
1379,433539.0297589407
1380,800480.0911986355
1381,101030.96016390552
1382,456192.3506867826
1383,513850.38804638275
1384,173663.41741846318
1385,1371865.6371878036
1386,535510.987555473
1387,507994.0771501489
1388,569498.7728794932
1389,185337.8609913239
1390,746021.6851940817
1391,185271.22709724624
1392,365414.9431270551
1393,540191.471392012
1394,523120.9901216596
1395,448246.3883085417
1396,593195.8341732831
1397,206827.0341033711
1398,614493.5453674643
1399,766696.4023127465
1400,420451.04230909806
1401,317410.7115546996
1402,516993.6136899539
1403,229389.16858317688
1404,881950.0363744203
1405,576843.976911742
1406,602400.1462408083
1407,165658.68945222418
1408,247040.1007769105
1409,385805.3408758914
1410,517663.0825183303
1411,527823.1578649469
1412,258189.37033855612
1413,338095.2961413528
1414,393789.4160973098
1415,393677.5951005536
1416,231574.02457410312
1417,454603.5157224479
1418,631141.3333404509
1419,548581.5535664095
1420,253258.2323993644
1421,145341.75498234577
1422,420483.0324376896
1423,510229.39491925447
1424,484359.10420295515
1425,1191113.576442716
1426,978345.4569692397
1427,106194.52079166839
1428,856163.3155554797
1429,411276.10915302555
1430,438512.35563494125
1431,313475.2157090059
1432,1240156.5626175876
1433,198026.72959494643
1434,509711.44591399224
1435,515615.298672959
1436,592332.5951211816
1437,284972.3836675667
1438,25028.512636227242
1439,176171.8961533894
1440,678111.3901007536
1441,1236496.4696567669
1442,460195.21150005737
1443,370800.4379010599
1444,492945.934393854
1445,135478.4726024516
1446,432818.56927632395
1447,212955.71604273707
1448,529430.2093969863
1449,158212.2353404698
1450,546183.5580828488
1451,615315.6405434622
1452,246936.82710154034
1453,406565.6330385784
1454,654058.9869525742
1455,206235.29819925636
1456,685134.4698972021
1457,455280.3411446332
1458,1375097.3895046455
1459,188651.20071658073
1460,713268.4398280706
1461,92497.62271170306
1462,821649.7935350357
1463,517915.93509088445
1464,599977.1812831727
1465,852987.6298292286
1466,729604.5822883467
1467,703175.0115889983
1468,795746.661118966
1469,529544.7218602028
1470,393483.41102251504
1471,598241.2969176027
1472,451489.65369056596
1473,428286.46635672456
1474,631872.2206723623
1475,672007.1759382074
1476,476271.6259849058
1477,556815.6145088833
1478,1806016.8630306048
1479,767704.532435023
1480,950638.4694976103
1481,304318.70144387917
1482,304212.85864249396
1483,400203.3612442961
1484,618402.6189890122
1485,884764.6164112786
1486,1169672.2921676524
1487,435526.64922268584
1488,678914.6584188747
1489,890732.6009007245
1490,707552.0508557055
1491,351594.2365570386
1492,1106745.4358641228
1493,946833.5298662146
1494,669833.9378259971
1495,466539.1018959738
1496,273716.7735875171
1497,1038354.2370343423
1498,390619.0156819731
1499,571543.5699482949
1500,414878.9338929424
1501,1884906.462976858
1502,821245.0309947282
1503,2067311.927254185
1504,557173.2396023108
1505,272079.7786634059
1506,646852.806554418
1507,401735.5714716182
1508,712321.582085573
1509,303461.7974092018
1510,643054.3128757136
1511,503734.57657579693
1512,447871.3970223972
1513,354793.2651644125
1514,614370.1205493596
1515,424978.86738932086
1516,784464.3630010616
1517,403029.7891829279
1518,148257.76245174248
1519,783573.2617755516
1520,610004.2310840704
1521,332054.6692873795
1522,365391.2364700879
1523,625396.7401800972
1524,720674.8472815366
1525,497277.2812469847
1526,440789.1450548596
1527,537584.1252464629
1528,526351.7950106262
1529,497631.9643651204
1530,428773.9215789233
1531,306821.842526002
1532,952930.1738765354
1533,551732.7647921084
1534,389902.3288180053
1535,515373.6196131665
1536,568766.2134292094
1537,704221.1293930298
1538,1797197.4234221953
1539,523748.24066862196
1540,381575.0471185047
1541,876840.4127680908
1542,602449.2591927792
1543,463083.95950288314
1544,335186.0591343172
1545,413405.8902894674
1546,571545.4619618212
1547,414426.9600420699
1548,363116.72282511083
1549,185365.18056972395
1550,338054.81371647137
1551,531997.0769611087
1552,643448.5943947381
1553,538724.4135483708
1554,787926.3348669049
1555,405104.04783245956
1556,508361.39652941783
1557,233395.1729273526
1558,715081.4434190951
1559,753432.4175180602
1560,674550.4154061973
1561,705780.1945833594
1562,366138.7815070691
1563,435335.0384491299
1564,376399.8497669386
1565,826396.4285356087
1566,429640.9299124283
1567,443837.10014993086
1568,262792.41206806706
1569,212173.72596651307
1570,617692.9083839813
1571,715700.7259230153
1572,721867.9895410708
1573,371193.34173414216
1574,458712.10922950995
1575,333509.7422736783
1576,1078246.007257603
1577,941109.0718256137
1578,839099.1552248043
1579,390129.2635408223
1580,376720.8337526622
1581,186132.22096688623
1582,267604.0679272795
1583,554862.4462862844
1584,301341.80660245876
1585,2150457.1672723675
1586,1324807.496008389
1587,444259.2141338274
1588,156082.23668535697
1589,677888.3547477772
1590,153986.5444920541
1591,354003.50054201495
1592,1392799.799838094
1593,323509.3908521148
1594,456457.21115703427
1595,394966.0142514886
1596,684743.075137056
1597,597405.3717604191
1598,465968.8562009608
1599,430140.1697261365
1600,1316805.6603834329
1601,415433.08896732813
1602,1713845.841441985
1603,703614.4279741264
1604,427070.22344550665
1605,257060.4960855385
1606,874692.7229162205
1607,413575.7899089259
1608,243716.28345557448
1609,552194.2438693879
1610,334721.4975620698
1611,547924.9167587206
1612,374461.4957678857
1613,838803.078461515
1614,420944.96813192265
1615,459804.19013006636
1616,523633.63372394734
1617,413694.1137012128
1618,264052.0013228518
1619,402284.7054993748
1620,864297.7283438611
1621,685613.9917739499
1622,1886982.8938939862
1623,267852.05041863944
1624,1518351.0920416997
1625,92974.24587731081
1626,690705.387689536
1627,428376.35514383204
1628,590617.1609182148
1629,589125.8732291756
1630,494326.8766008571
1631,532542.2316789636
1632,453343.50548441696
1633,835586.5305864566
1634,607526.2811368988
1635,273201.4324918522
1636,992962.6515669343
1637,556714.3853898728
1638,518692.48462933593
1639,644025.5289230798
1640,376416.9135093652
1641,614438.0537822128
1642,473915.2123268248
1643,254042.88216187636
1644,218884.14762552312
1645,255122.2097903287
1646,546115.2029918832
1647,180793.76018484
1648,449111.1354126767
1649,329943.24233919015
1650,380357.9826293988
1651,847415.358305255
1652,207579.59371271168
1653,640167.8054750129
1654,205705.09133762273
1655,579258.0792704581
1656,490333.79803823296
1657,255181.12425805765
1658,719211.9805565091
1659,653954.7372207305
1660,520163.0027698489
1661,683745.617254669
1662,401699.03958751087
1663,313966.06509502965
1664,437634.21265230776
1665,1004027.2424519183
1666,327138.5759970094
1667,820019.301554476
1668,323299.5376012131
1669,846532.4489897286
1670,362016.0713119623
1671,343010.02486374014
1672,321673.3518562289
1673,431113.4871367132
1674,824573.9370624055
1675,494102.3969132517
1676,523462.3593557104
1677,157814.90686656456
1678,822149.6287496364
1679,736529.4107064952
1680,789370.9884179905
1681,634254.1371922189
1682,344990.04438183585
1683,460948.71142601955
1684,794937.0497160361
1685,1553954.0910240407
1686,664385.097038583
1687,267796.1168255924
1688,294200.6951313118
1689,633813.2433879001
1690,961128.0434502012
1691,183470.73117348104
1692,583595.9671153618
1693,199904.3923098556
1694,965886.4645325874
1695,859987.927695965
1696,87666.63285740378
1697,369201.322558971
1698,476144.4519258031
1699,335289.81467414857
1700,647908.9029336404
1701,1573844.511972235
1702,1455512.198638164
1703,712868.5745104442
1704,408710.8782244541
1705,493061.3031797567
1706,314312.3500727637
1707,299506.009557883
1708,432208.1604708997
1709,439383.6299226132
1710,500810.3201079043
1711,913521.54246963
1712,457713.20801374194
1713,316536.0158947653
1714,338999.6462243415
1715,463127.0295398966
1716,800836.4790093543
1717,372248.5619790753
1718,735059.2802129737
1719,346657.7409434303
1720,1096341.0398445851
1721,522309.48427599535
1722,678282.7606154868
1723,533942.6310594218
1724,671240.9031438364
1725,502069.1515528716
1726,539131.4423969906
1727,2031579.3579133237
1728,82156.2956904489
1729,216010.1500201631
1730,368938.46224298986
1731,355448.6618970663
1732,721652.4881571055
1733,616389.1945198094
1734,810081.4819421393
1735,560438.0525955374
1736,566345.0596451983
1737,939747.0097273177
1738,556601.1928058751
1739,504584.84380717773
1740,752878.5843426993
1741,779169.3466586166
1742,353245.3070297023
1743,746382.3543673726
1744,582546.3274005626
1745,511008.65984828403
1746,422795.05108088325
1747,476868.80080877186
1748,502086.4223975033
1749,888794.179540915
1750,293417.8699699008
1751,728514.3011662145
1752,722832.2506194031
1753,491608.1392452666
1754,602949.1830183695
1755,554389.3909271045
1756,1151858.2366920924
1757,361580.9169927499
1758,459323.62018791854
1759,881315.8948885167
1760,767685.3483534415
1761,233899.2701608539
1762,250338.6938438212
1763,949099.9379123282
1764,280927.3284749149
1765,1029327.5467824407
1766,612912.4134582841
1767,563538.8223419756
1768,616290.2293846621
1769,84694.252297497
1770,443884.4875618989
1771,777030.9022526783
1772,347090.62953301053
1773,549379.0249463676
1774,441794.34414799913
1775,151422.01344187447
1776,935735.0871280413
1777,302269.1811311831
1778,1396376.983552002
1779,214248.16333160218
1780,143672.36808455797
1781,546052.7510504555
1782,231297.2854101359
1783,778029.429658205
1784,403928.8949286599
1785,189843.79769062635
1786,403430.63964312366
1787,484072.05415614677
1788,894130.6615094165
1789,438071.8812328724
1790,758831.2514328447
1791,573608.5242414137
1792,946924.6461648371
1793,589240.5565968952
1794,518333.89032295055
1795,438563.4552085167
1796,698658.5684809854
1797,347675.9884936353
1798,611588.6979926318
1799,165166.43451514508
1800,304358.5456311548
1801,423037.1468082032
1802,361236.4634918931
1803,405292.36676615477
1804,359513.80239002453
1805,710381.5595639482
1806,304436.2953779572
1807,600339.9014605123
1808,340241.9753779904
1809,759766.8484061311
1810,635886.284838778
1811,578894.0519834356
1812,628399.8310214394
1813,682570.6851440566
1814,1023731.5615359014
1815,604553.5786900561
1816,665295.0497919748
1817,461135.4449925778
1818,1013201.4221504384
1819,489316.47371690534
1820,488715.5712660928
1821,397133.8353895797
1822,421089.72029440483
1823,193837.47763627087
1824,625684.5567025595
1825,413854.9512873955
1826,378970.5054750747
1827,790554.5055619032
1828,415983.8577295395
1829,562533.1247874424
1830,588209.4626935669
1831,167150.19780468196
1832,345820.2915281894
1833,681980.8957682757
1834,399622.86898493057
1835,539507.544488186
1836,397879.9849901601
1837,675438.2781383537
1838,584880.2034031581
1839,725849.657639603
1840,977401.9460066331
1841,288821.2190371548
1842,767976.5838883454
1843,939663.8991715433
1844,401110.56038569805
1845,283585.89223399817
1846,480732.48756584624
1847,221483.62433908964
1848,414657.35166974587
1849,196319.70500921307
1850,423066.22309183725
1851,182713.42351589404
1852,837831.2609982311
1853,541356.5205342774
1854,278023.0481528456
1855,634530.9978322762
1856,387717.267683726
1857,547137.9188937258
1858,3081671.6655902793
1859,934384.2841051876
1860,402087.7491106868
1861,215249.73798855778
1862,362406.91830114403
1863,732757.5186308539
1864,762545.6324150013
1865,327404.8680274396
1866,416331.3620687275
1867,757441.2919035944
1868,584503.3065103692
1869,174720.46402379574
1870,359351.2164427908
1871,436446.51184841385
1872,582475.72588955
1873,474989.34255708486
1874,320323.73666538484
1875,502744.6579402099
1876,438716.3998387341
1877,59344.70257972629
1878,322788.8594551951
1879,530820.3519467725
1880,583654.1912786795
1881,525394.327593345
1882,541448.8057373273
1883,239215.55747838636
1884,370779.61784645374
1885,477084.92670298036
1886,869757.7292823708
1887,655211.8209870672
1888,539290.8786369925
1889,476551.94594233553
1890,510248.1360202838
1891,438280.4665808497
1892,194169.12507745152
1893,333799.788036012
1894,619069.3643034755
1895,330065.1714118874
1896,267836.9868639865
1897,178882.75055664248
1898,812791.2280698637
1899,457489.556399354
1900,752300.0062542709
1901,363147.19759736274
1902,399295.56205601885
1903,427928.803577741
1904,973561.1661669704
1905,414337.91607521736
1906,988509.529307194
1907,397812.62750411185
1908,803708.8126254145
1909,519128.79111260077
1910,562995.5087610465
1911,830859.0022205063
1912,778140.7848373329
1913,773185.2942344332
1914,567161.5230492199
1915,848223.806050231
1916,503643.1149139603
1917,309225.4708604555
1918,544348.3699478284
1919,241066.51569082943
1920,318875.6223143701
1921,645547.6853321365
1922,352570.25963602413
1923,819842.5136420524
1924,842031.3253566729
1925,2213030.8818180053
1926,714565.3389933822
1927,303405.9404862807
1928,599996.0340311495
1929,618028.2676514073
1930,471221.7914364757
1931,347224.0047435254
1932,518705.9883312047
1933,213843.87184950768
1934,314285.722446003
1935,403080.4550499667
1936,1206457.8639073875
1937,433400.96347189497
1938,357988.3165055043
1939,589607.5005659107
1940,139184.94172860758
1941,1492873.1473867006
1942,200232.15808609076
1943,616627.0946692764
1944,560884.146216063
1945,549510.8404261128
1946,2111312.2002971526
1947,372364.49487007293
1948,388557.1279725746
1949,320853.8546973397
1950,331222.18201942893
1951,467663.1124681599
1952,803658.8674466345
1953,553396.2729522001
1954,643829.6807950072
1955,598137.2069116174
1956,493257.5422567503
1957,192942.0867242223
1958,137466.74126734148
1959,494511.67838516436
1960,87728.8907349928
1961,312087.25223514624
1962,119287.59904613002
1963,845128.8463228799
1964,781979.7241400131
1965,1164863.4263393832
1966,661437.5372865165
1967,502271.6426016243
1968,966380.4518119287
1969,353448.0641431781
1970,976875.9646301128
1971,275756.8687122245
1972,1042594.5569369859
1973,374255.476581243
1974,380641.1968699784
1975,370262.2282843867
1976,567783.8077252496
1977,685707.1905139814
1978,524516.4284825821
1979,962713.9686336078
1980,1128915.5414902319
1981,433421.8744195441
1982,1245472.9737257622
1983,827273.0697238753
1984,397864.49150917656
1985,795868.6075879179
1986,1155951.4573466917
1987,554487.3815775644
1988,770042.9749045043
1989,633415.0249998169
1990,752824.963616604
1991,696431.1867152608
1992,562614.5107500779
1993,669913.2501187492
1994,407163.326337631
1995,197371.7255766173
1996,653362.3109971983
1997,584108.7126818739
1998,162179.66949749953
1999,739164.8942759344
2000,386697.993798324
2001,652313.842889909
2002,680493.2241872072
2003,374311.4206259644
2004,388086.2812409416
2005,914072.2246756399
2006,1045294.3334524326
2007,775745.8469422444
2008,531876.0136960578
2009,371385.8535430101
2010,306362.94068100833
2011,450404.08824610885
2012,397888.2901470156
2013,206516.38274134303
2014,452086.8422379615
2015,588657.023307891
2016,748952.9320130113
2017,406671.7047791424
2018,632267.3708675397
2019,340384.2720726531
2020,734998.2195821345
2021,437343.1343202825
2022,287469.02550621517
2023,326842.7717092343
2024,354385.7806356722
2025,513479.32127117383
2026,326860.54645730014
2027,513630.2043125379
2028,380261.8638373478
2029,760452.1366121359
2030,1073196.3406379886
2031,935104.3619776859
2032,481045.56166854623
2033,1304594.2564236128
2034,1158236.9452145807
2035,653267.2593752362
2036,203455.83844140865
2037,837757.9301970997
2038,641509.3593210693
2039,301952.67927774973
2040,607813.9759650014
2041,585574.0385890421
2042,61306.75460118748
2043,192632.4840826589
2044,1259553.8426958723
2045,590293.552246326
2046,454258.7916905761
2047,703076.4209254889
2048,485739.5998989454
2049,577551.4128457882
2050,983577.2584607727
2051,845932.0829397041
2052,591380.5392144505
2053,390547.17212745664
2054,460271.58186563937
2055,814723.6419390885
2056,173059.82024725905
2057,757905.5755820955
2058,480195.7945082464
2059,592401.0342287644
2060,344739.3502647689
2061,1822515.4809060346
2062,328820.65490152163
2063,536692.8473159368
2064,385744.4899833561
2065,357755.38749631966
2066,269170.4154302239
2067,1129558.3213251377
2068,504351.8785190531
2069,552335.0288510633
2070,476833.4888898814
2071,610564.1838346164
2072,909473.5733068695
2073,354383.19235164236
2074,415828.7232171623
2075,664108.6009122608
2076,759021.1240223986
2077,282870.1023551759
2078,566869.2552586407
2079,781707.2560868894
2080,403119.1785542734
2081,364251.4327875549
2082,261126.1463150307
2083,440814.4600137678
2084,366926.7580841401
2085,650380.7757186502
2086,309183.6933889963
2087,272937.91489487427
2088,417184.2627674431
2089,647484.9246873135
2090,311641.9647420938
2091,713101.3621708106
2092,365198.860004792
2093,830025.4497489308
2094,499143.69409711007
2095,325573.2539279255
2096,444922.50708166335
2097,542417.6048637282
2098,802717.1205639353
2099,773052.0985717133
2100,626324.8849404319
2101,581056.1084466177
2102,323886.8982189299
2103,380710.45842574217
2104,584653.3615441858
2105,828345.9225693858
2106,759343.2974056868
2107,347819.5142614382
2108,741645.5087052807
2109,346786.30344364257
2110,636743.3845667664
2111,412670.93108177034
2112,817250.7235012554
2113,788345.6167350907
2114,560244.9934269991
2115,577668.2017858583
2116,209701.50351604275
2117,712471.6743879262
2118,492742.1134301111
2119,282561.5640590046
2120,629417.5538499232
2121,452777.5456156138
2122,502980.54606062
2123,409938.5832363061
2124,612513.7697998107
2125,509486.71909852704
2126,431141.4693436757
2127,501091.1714875511
2128,833103.3181614426
2129,639920.3442818569
2130,453188.78878270433
2131,688310.708416379
2132,425451.0937424228
2133,264859.33560277417
2134,457659.97782169445
2135,729329.0257956565
2136,426803.3516004404
2137,197226.44002833613
2138,274565.98640988034
2139,746357.4816970243
2140,427485.5998602848
2141,460798.72303046694
2142,507820.168416439
2143,1142310.7856828715
2144,576904.7264855594
2145,378886.58097126265
2146,732170.3242083791
2147,429215.5892646387
2148,582714.8873395057
2149,501599.15710319916
2150,294219.8025999088
2151,682278.385656758
2152,682814.6625404183
2153,592551.6798221859
2154,913952.0699464066
2155,617810.1308861107
2156,1234252.5408126342
2157,356375.4993145778
2158,530813.3597643811
2159,505962.081573411
2160,697979.0196233591
2161,230014.86503799073
2162,868623.4000133085
2163,459645.7426079686
2164,1135403.0221556795
2165,456398.2443170068
2166,182766.57142835186
2167,259464.41052858182
2168,199219.93575860356
2169,340041.9573624752
2170,545682.5944983815
2171,677818.7292296026
2172,282667.3187704348
2173,445180.8522549245
2174,375793.27182695444
2175,792642.6993721819
2176,1069823.7209423995
2177,577317.5862148681
2178,1042400.5586728593
2179,693568.72082831
2180,273633.7444844862
2181,1245657.9241761551
2182,239204.58207790408
2183,467240.7937980598
2184,460022.8574455203
2185,466384.3287948568
2186,151784.68978258857
2187,400548.59986184933
2188,663703.0770311602
2189,1043225.8381698185
2190,937242.8178205478
2191,301394.78904051543
2192,212505.9597022449
2193,369873.20955916285
2194,1064751.9578320775
2195,278455.3361531334
2196,253505.13467641812
2197,382996.84969154
2198,184086.07036561525
2199,719096.5276541108
2200,393853.05850320787
2201,643633.4746040702
2202,736240.0337615177
2203,311546.5237841018
2204,303170.347461266
2205,775884.4544995024
2206,377355.34528541955
2207,342286.42888467794
2208,366118.73251637723
2209,589956.8141206494
2210,826040.4261859871
2211,441176.0046752817
2212,343372.28814809583
2213,385738.2135176945
2214,476097.401797569
2215,349902.9849808982
2216,379478.48727226263
2217,337249.2607506121
2218,964161.4448992229
2219,648239.2557815434
2220,483634.6749859171
2221,406664.22444422124
2222,284522.0748136947
2223,596608.4768761001
2224,165934.88134347255
2225,277602.80431968276
2226,366215.67709225975
2227,886994.813899783
2228,390416.0297346865
2229,546834.8609126373
2230,552614.1666050032
2231,377998.48540264
2232,577926.7125554292
2233,207126.04564811295
2234,195833.0997771143
2235,505621.3925995811
2236,1173729.1895069664
2237,896728.6349999292
2238,820699.5081533573
2239,1903776.0490275326
2240,372137.793766043
2241,1390062.9401766434
2242,335341.62120431114
2243,423755.06383987697
2244,1010292.5219909201
2245,508429.4890528397
2246,727707.6753543807
2247,479769.7529208013
2248,564500.8142201644
2249,396560.7487841684
2250,613902.0826294373
2251,292756.00653223903
2252,954222.5913965835
2253,485242.07695593
2254,464561.820481221
2255,425538.9225862102
2256,774436.1678985639
2257,876334.5256630195
2258,323609.42883409746
2259,366362.1356895919
2260,787149.1284420704
2261,353774.10541890975
2262,476539.71438159054
2263,938287.6581845812
2264,1550823.90501966
2265,470607.2517953738
2266,1064445.4816232934
2267,502775.9232106908
2268,1028888.3285581961
2269,408180.9748864387
2270,773160.6167199069
2271,203420.496812521
2272,1435156.921251318
2273,353273.6963854475
2274,1128071.8138121385
2275,457255.07519576163
2276,423222.79385350633
2277,231081.35413477122
2278,885049.8241713848
2279,1079589.3420464175
2280,643664.2984755891
2281,396991.785109745
2282,659083.3040558918
2283,459975.5804398883
2284,507700.36591522873
2285,615277.0753542038
2286,781184.4755335106
2287,251785.008821549
2288,660094.5196736184
2289,704458.1345470757
2290,976355.9129317871
2291,212104.74154957331
2292,645479.9735267325
2293,854843.4765066102
2294,714456.7028485829
2295,475147.7620640821
2296,1132099.0323818866
2297,667448.9909583172
2298,345947.4682159555
2299,92287.84863153781
2300,263016.0145395211
2301,431142.34372834023
2302,196608.37233184924
2303,344152.7764631484
2304,592402.7525424181
2305,428208.63605898694
2306,285382.9660859634
2307,221673.8911291884
2308,758692.3522697071
2309,559939.7748393081
2310,1378016.351927039
2311,361824.8193981086
2312,600820.7745540575
2313,470937.13808544143
2314,573970.1011182393
2315,341408.1455014907
2316,618107.3711891869
2317,459870.1717984253
2318,260178.29419725834
2319,243970.42103557492
2320,749964.918951896
2321,338425.26795309316
2322,806378.9786772949
2323,1191506.3232610743
2324,532360.6705600831
2325,317167.7380633416
2326,129532.9127091367
2327,622718.4853050339
2328,408032.81135600654
2329,706690.2711019525
2330,883739.1634128821
2331,27930.10430211603
2332,1066868.4980244567
2333,304658.5394592495
2334,706197.3342520394
2335,811417.416788154
2336,1022981.076822161
2337,605939.7187147612
2338,586261.5557169449
2339,404375.70195580926
2340,634383.7252716208
2341,407228.1356563004
2342,606259.8085896877
2343,336258.5820137723
2344,165437.54877075076
2345,858199.4810142317
2346,477276.572007759
2347,411477.69994268444
2348,792239.982255771
2349,272717.41772739263
2350,253013.29899080328
2351,548886.9361985815
2352,384497.91262516123
2353,554903.0773896514
2354,292844.22792478476
2355,446529.56635492726
2356,470779.78330609755
2357,1005174.9369373638
2358,272816.9563868871
2359,1167852.4912125594
2360,163771.54675654232
2361,334618.63305416144
2362,149699.9169247967
2363,428262.84663089237
2364,338883.5746424927
2365,476539.12811310194
2366,158933.79650432724
2367,501614.90520334535
2368,802181.499893788
2369,615437.8268773959
2370,369306.91885106906
2371,394147.05419935565
2372,540301.7076482279
2373,615773.2290180757
2374,347792.3266060523
2375,652255.9932471386
2376,479399.5573824947
2377,1238149.4027335956
2378,331724.59901572304
2379,298131.4969304594
2380,748821.9699938991
2381,750819.3588436489
2382,759470.5365633704
2383,624226.199214502
2384,458872.75465402275
2385,248988.0461531047
2386,312330.649860239
2387,867775.989787247
2388,457196.53153849463
2389,562440.7904430728
2390,210950.64986318865
2391,1422308.5488476208
2392,380690.5162699506
2393,468818.8856258524
2394,952392.5305454895
2395,1050567.8816766539
2396,680725.0187555547
2397,581884.9319336255
2398,497538.106361598
2399,457967.3596188709
2400,516904.68193989334
2401,284357.0702943149
2402,299983.1751052439
2403,682609.9605094988
2404,224994.02757567202
2405,82374.91517445358
2406,98862.53755696432
2407,398412.3255574255
2408,561810.3030839413
2409,518705.39315345977
2410,577761.7494543098
2411,608936.6303762728
2412,466460.82658383984
2413,197151.5049321702
2414,734297.613759893
2415,543682.4643234828
2416,830001.96218854
2417,531316.6617207746
2418,1405775.7995876116
2419,827759.834744726
2420,724258.7317431493
2421,423597.67534003
2422,282196.79846396943
2423,415134.6541868048
2424,348559.19449206855
2425,429695.2040170023
2426,429365.6838851503
2427,652302.7589535129
2428,550854.0920540923
2429,547273.7376998505
2430,217895.30641918545
2431,578468.3774592269
2432,844125.7472347312
2433,200276.5940074362
2434,614760.1510244515
2435,1098868.8295770327
2436,624670.4345339504
2437,260828.12441344446
2438,732568.4951115354
2439,784580.2568689974
2440,425358.0576300239
2441,884337.2168792482
2442,235137.51595781927
2443,347851.62553375604
2444,112062.09427770923
2445,615611.7825133223
2446,1131936.7577563934
2447,469443.4515205844
2448,442728.75679589534
2449,352149.07978084683
2450,591415.0765637412
2451,565672.1960702746
2452,505699.51102404506
2453,1015376.3952884136
2454,857454.5313171602
2455,340055.9066168512
2456,683637.604290824
2457,470254.4138658396
2458,638862.4085313291
2459,453332.3173958176
2460,464189.36794459436
2461,1042158.8876254872
2462,486052.5575325817
2463,749933.8565189368
2464,221363.67815275327
2465,555088.7946508434
2466,445224.68308052956
2467,634973.7741104255
2468,1391240.6615818813
2469,903427.4585797302
2470,155985.41830203793
2471,531050.0249276792
2472,336138.3388963593
2473,335304.9464565156
2474,1556168.795148573
2475,378939.83215231646
2476,577236.1733879994
2477,703274.3052254989
2478,502892.53311076
2479,534929.5875839688
2480,350640.5004800625
2481,798908.2693235856
2482,667609.8781950098
2483,480260.85121653957
2484,230376.9848848953
2485,919488.5501478162
2486,221820.90717885693
2487,2185529.4998054123
2488,415773.6621500475
2489,524248.1528775918
2490,568370.5471546636
2491,731344.053742326
2492,500751.20130589657
2493,641000.4248615202
2494,508763.67834378127
2495,159764.0447832829
2496,530022.5846670909
2497,623006.5157251141
2498,324654.0542644936
2499,624487.5625675325
2500,1042073.4201738578
2501,762973.0222722704
2502,657448.3978370461
2503,678022.1023761069
2504,636409.2463930221
2505,709614.0072185481
2506,369086.3428971526
2507,192124.70642057183
2508,199340.94558907213
2509,367346.56511321024
2510,422298.4795835181
2511,542152.461046634
2512,405244.4246064784
2513,725453.4601062682
2514,382941.74617570854
2515,566437.1455180128
2516,603661.9485901516
2517,674597.5917889746
2518,450507.8738461781
2519,725925.577095119
2520,664392.5359782038
2521,974567.4475868355
2522,161555.3514813618
2523,235878.88709676533
2524,1450046.981306476
2525,445280.3769613773
2526,812142.0556618639
2527,389847.5116170872
2528,194838.8404717137
2529,785150.9832171963
2530,351843.8088837754
2531,474540.1236193889
2532,580805.0675844811
2533,1743920.2463221555
2534,745141.4837642167
2535,1619428.3020510436
2536,239687.94125784005
2537,497262.7200571276
2538,673044.5495247671
2539,402175.9013405547
2540,794948.4859051255
2541,789105.5356367294
2542,357572.6030494146
2543,730364.3469440918
2544,150237.08555010817
2545,623150.1258766004
2546,367324.7021640019
2547,822851.3382346553
2548,631326.6755939005
2549,324177.0968772109
2550,106529.92481724243
2551,166274.18404424627
2552,215253.79307024478
2553,241524.68113563076
2554,659576.5562971693
2555,462870.002977812
2556,370295.12771762314
2557,588527.6121934783
2558,1223082.694945917
2559,547430.5878659284
2560,464220.03674081387
2561,269856.799207863
2562,362525.29295124894
2563,287285.18160020397
2564,208775.01729659495
2565,419266.330419614
2566,845246.5769221318
2567,365975.32301780384
2568,2194483.5356907086
2569,742452.826605199
2570,461483.35790531896
2571,382385.81895865686
2572,497246.03604678164
2573,560934.0168688975
2574,356256.59808344377
2575,454573.60135152575
2576,468516.55743824213
2577,353266.61532851367
2578,715241.6847400996
2579,519866.32435219944
2580,414560.127937488
2581,710239.4825213731
2582,489366.87108042435
2583,283787.51791087317
2584,368401.15760499175
2585,564398.9608114472
2586,1099142.536745966
2587,575988.7371665819
2588,489264.9621769649
2589,1113736.1325003104
2590,399427.1164111284
2591,760848.3811832137
2592,463533.5762749628
2593,716434.5444625098
2594,274879.41999002855
2595,322155.94808654604
2596,968268.6272061754
2597,949258.2961063406
2598,528665.3029308169
2599,378510.259786788
2600,400650.96102345455
2601,330241.7545098268
2602,315663.10509113147
2603,87535.80683708371
2604,385801.3206855214
2605,1203879.6819773293
2606,901649.4656190717
2607,484176.95672095654
2608,286797.0540226699
2609,468313.76982474327
2610,543489.8211996739
2611,399274.0409487749
2612,487781.0328212538
2613,349629.84511806763
2614,500459.05411910766
2615,701846.0528028896
2616,637353.0645091933
2617,595855.8981828678
2618,973439.529832135
2619,793442.1046084813
2620,265858.7575540745
2621,503071.8648293275
2622,847244.9288064085
2623,440946.4751596923
2624,602224.7184931756
2625,464582.9396100008
2626,587142.8447576364
2627,732436.14298549
2628,424757.57750810625
2629,495233.92785556114
2630,408679.62449653784
2631,515057.4841725604
2632,474367.68864073267
2633,542128.831520591
2634,439308.5184263572
2635,292713.71975332516
2636,320523.26128759945
2637,513961.69349412346
2638,1648694.0589897635
2639,480636.0105561512
2640,568781.1194519284
2641,323963.0762186547
2642,489370.7809758526
2643,579876.9138886246
2644,294322.0018907979
2645,519270.2081893715
2646,714485.8067542154
2647,658409.8749914246
2648,179477.64946123405
2649,299644.9956657479
2650,528976.9882021791
2651,365413.99360033637
2652,288310.4840294994
2653,306071.6187423138
2654,730040.0318896549
2655,463811.589988925
2656,750908.5501933743
2657,346101.4310299452
2658,717722.861611428
2659,346342.1055300841
2660,623714.3193730608
2661,230711.10662375152
2662,403927.2042012322
2663,67671.8399172686
2664,774781.5238315315
2665,556322.22513471
2666,1264311.0329427668
2667,785744.5806806623
2668,934943.4753227495
2669,717655.4231196987
2670,418926.15728814225
2671,1396247.085497016
2672,292516.4127111139
2673,622610.9007017623
2674,609611.5707278629
2675,578553.7264257789
2676,274997.1605882764
2677,685395.3725115319
2678,598112.9910348947
2679,1107217.6205801533
2680,642739.3265504468
2681,813002.2585360605
2682,204828.4538396782
2683,1076759.7429182846
2684,510565.4288244641
2685,375211.3874946227
2686,444093.5849952121
2687,990086.2226059515
2688,523927.0716588525
2689,384979.2814138663
2690,299958.2046287356
2691,821391.1627147468
2692,721445.5757877753
2693,603392.7558052293
2694,1316473.9807987697
2695,169036.44228188734
2696,918738.8604227838
2697,1191400.7662593815
2698,768609.5260527708
2699,799379.2257681789
2700,658026.2420136295
2701,464648.05513193656
2702,744235.7691804196
2703,398157.1514597812
2704,511836.8870866189
2705,636672.3734009045
2706,509956.4970322617
2707,283076.3106838537
2708,503954.775277517
2709,647311.0594382191
2710,447960.6397120936
2711,686573.5845124475
2712,741001.9829183611
2713,393681.30113262276
2714,497214.3310965244
2715,1569331.7871834908
2716,640011.196391019
2717,545258.7009201513
2718,754143.615877732
2719,532646.3859624066
2720,1751468.6117647288
2721,419732.5433452021
2722,385815.90240686503
2723,341209.9675771579
2724,426622.36102898885
2725,274421.7271271062
2726,823032.2442303209
2727,708629.8540115291
2728,491726.89432157367
2729,756281.1940231833
2730,658126.6799960154
2731,298253.02819333033
2732,447529.4168778404
2733,490869.35438434425
2734,597734.1014400744
2735,1124101.5740304417
2736,507821.92291390616
2737,496280.6291688065
2738,858299.0963465156
2739,424273.6814969536
2740,358734.456369458
2741,647250.1284475839
2742,470576.33440880524
2743,384788.03102177934
2744,326118.4563154618
2745,836237.4844858979
2746,523304.3880492045
2747,474897.7653628334
2748,779298.8347198138
2749,742518.1497472716
2750,384660.0745464002
2751,596021.9595613361
2752,689222.6972608659
2753,471612.6821188008
2754,406336.50302717404
2755,108825.18245988718
2756,318011.06293207017
2757,632881.0972764294
2758,583088.6517031041
2759,758525.2619272934
2760,429288.4018035276
2761,345256.0703269228
2762,354912.9476995369
2763,349624.6831626724
2764,392493.6169740221
2765,175792.6504888825
2766,586734.5569771561
2767,344847.56281504116
2768,470692.6916638748
2769,597681.6747046486
2770,447178.9818930079
2771,571174.8455095054
2772,769303.8765915348
2773,119520.31437950424
2774,380014.61592342425
2775,548387.2648999654
2776,640273.2617192608
2777,842495.0805251958
2778,677936.938631927
2779,1438005.342145247
2780,517782.9576551424
2781,537837.7957622141
2782,1481178.9034422403
2783,475630.25493198534
2784,563224.6158703802
2785,191629.51806822332
2786,349765.5199843188
2787,901955.0094300754
2788,401992.92885287845
2789,439706.0727500303
2790,661920.1993587685
2791,537245.9224940711
2792,634115.8999900757
2793,278155.96092170995
2794,796211.7763801141
2795,1049799.679624695
2796,886266.9042335178
2797,1030700.867423629
2798,522439.47137012123
2799,206888.34844005792
2800,291152.95016297506
2801,290816.2830809215
2802,1941744.1928933049
2803,715476.8032955044
2804,636400.6379537566
2805,399723.9682973245
2806,2071990.835228099
2807,758787.9511550834
2808,996216.4313074609
2809,694786.2412967184
2810,444880.6599235887
2811,558374.5678895974
2812,380833.8932838444
2813,284818.4579740195
2814,629109.6834590421
2815,332803.99306435406
2816,786611.3631510409
2817,315472.65078382794
2818,671953.9890444775
2819,332757.75169183046
2820,835379.269781026
2821,291700.25311793754
2822,293858.02324872126
2823,537586.952415382
2824,665011.288359471
2825,606662.6579000208
2826,583601.0393898434
2827,543197.8017864258
2828,292481.52842038625
2829,557680.9595702342
2830,535174.6560894334
2831,908044.9450150462
2832,486722.4195691143
2833,155154.6796098299
2834,564868.2970115426
2835,962544.1270856162
2836,743394.694114691
2837,564385.1965739375
2838,618764.8185847607
2839,610797.0754389388
2840,240837.0284737735
2841,837346.7023574472
2842,527975.275762882
2843,210481.3686948921
2844,473804.2038668812
2845,485546.39775083633
2846,1423264.8666001381
2847,434553.3186106146
2848,558634.3837039158
2849,293969.1942133567
2850,523598.9855804045
2851,313364.0324860111
2852,586717.9875027869
2853,842351.6182613907
2854,796075.0356572218
2855,354337.53107312263
2856,369976.92938300956
2857,399900.10247410845
2858,674502.0977935456
2859,589881.7462541491
2860,885493.7011119036
2861,89796.88293218112
2862,1510333.8316964954
2863,245432.7135947762
2864,1669719.9038219126
2865,412101.0898208635
2866,505558.89178541175
2867,732747.8836856468
2868,542152.2368450011
2869,317084.8964546131
2870,350684.541112834
2871,858409.9431465204
2872,405805.416960365
2873,311068.2479163178
2874,621412.1777379127
2875,611056.8545719548
2876,1072288.9045823817
2877,524707.0421876719
2878,1245173.6606796884
2879,402489.1119053471
2880,442170.42540346616
2881,647241.9727322112
2882,543081.1608789404
2883,313811.3676580078
2884,737413.2837375368
2885,413393.3059003168
2886,703136.1854141776
2887,125216.48311112638
2888,645840.1784051261
2889,580798.5571133939
2890,547130.9060148462
2891,458947.26100723713
2892,337687.18966841896
2893,416591.6226085702
2894,1194186.9363717756
2895,249771.9374971253
2896,510497.5159818756
2897,543628.1865910471
2898,737716.3563018269
2899,749782.3655568284
2900,252192.76343967658
2901,415167.13386487996
2902,604222.8959303545
2903,667120.2609535266
2904,152882.71027385976
2905,745012.0590874826
2906,944254.9954772528
2907,1022101.3497083535
2908,653053.4811421919
2909,347510.01784999284
2910,570661.4780771697
2911,398649.83441132423
2912,592966.7889488074
2913,529489.3762285718
2914,675376.8764716414
2915,881263.6315155483
2916,481148.07450377947
2917,411267.58433426684
2918,293010.37269793096
2919,617990.9279529238
2920,429321.287343089
2921,307652.36248115194
2922,70778.77247576439
2923,370975.79545320646
2924,499750.26622312714
2925,276381.47941747075
2926,899687.3535150774
2927,170015.0574904276
2928,344062.51609676296
2929,580684.5127989448
2930,274761.8162944687
2931,680915.4143976765
2932,369638.62534821755
2933,460335.9974031075
2934,1425683.6196809988
2935,1074072.3751371698
2936,585610.47978606
2937,658024.5267962182
2938,409438.94334239187
2939,558887.032316955
2940,696445.9797753217
2941,557661.6651540317
2942,585496.2832975787
2943,1775206.8989412757
2944,822352.4909147718
2945,908583.8016275361
2946,520901.8753401294
2947,713022.8118804699
2948,586291.3419008523
2949,609437.2563862292
2950,338666.3386223762
2951,537610.335325018
2952,487343.80223250476
2953,418488.72286005714
2954,1363709.7117755811
2955,602591.5057767231
2956,558114.4442072562
2957,1959137.2793391992
2958,476662.735511016
2959,425417.0397265402
2960,750492.5600207946
2961,906233.3859458747
2962,746645.6612033419
2963,552104.486224008
2964,425088.47433407576
2965,513902.4824918063
2966,515315.22941255243
2967,1094977.9177898709
2968,424884.96081505774
2969,425989.93183694873
2970,437762.48264254816
2971,510155.1577310291
2972,434876.3354960227
2973,427680.7388857624
2974,532858.9383368038
2975,408465.75439869135
2976,389529.4549622623
2977,706629.2905057278
2978,600774.1888945366
2979,265647.77658911154
2980,658137.5459840437
2981,250161.59487535807
2982,495148.3827806093
2983,650115.8784109119
2984,219721.72762828902
2985,961670.8765114739
2986,278503.8188241672
2987,324104.7025166871
2988,1012755.0016569665
2989,181205.6190566009
2990,836853.1056548802
2991,481564.11907912925
2992,216481.532364939
2993,464655.684524377
2994,99126.4622841879
2995,225888.384347639
2996,377568.26955703006
2997,156929.1280486192
2998,396629.9456320788
2999,224675.56745322037
3000,787063.8136354827
3001,248984.5847251198
3002,432713.1613078207
3003,670566.4152753251
3004,162998.6346626227
3005,2374764.3906002305
3006,1244983.3764991895
3007,206979.78201368748
3008,121224.00768354587
3009,544632.5810112155
3010,396501.3503991234
3011,337250.46673288674
3012,541270.8645799025
3013,421444.0034153552
3014,673555.9607233347
3015,736705.015388151
3016,609107.8022945102
3017,552944.8758194669
3018,486563.2340534725
3019,890545.2914497191
3020,382771.67904780735
3021,453839.7542222383
3022,550915.7824110328
3023,263635.4857429086
3024,114699.67101101798
3025,309446.7240080449
3026,559543.71905548
3027,579815.5244044954
3028,459263.0762324372
3029,155266.17165174105
3030,351803.92440942186
3031,89238.51826052781
3032,1175997.1064467123
3033,753380.6391277388
3034,224839.71351357875
3035,2288038.172973797
3036,1642466.0539085204
3037,452831.9264966665
3038,513990.9048707631
3039,386593.03390297183
3040,348571.75042573863
3041,308440.356254559
3042,527206.7936083421
3043,474088.4226396264
3044,152785.17274386884
3045,369282.05728149833
3046,157924.26484548027
3047,600436.9343592579
3048,697900.3808716475
3049,255221.79104232177
3050,1167790.1232676771
3051,616114.1994393532
3052,1164127.9367999807
3053,673741.9273033517
3054,799090.8408154862
3055,1055245.682426449
3056,173322.4694734501
3057,388008.36587288976
3058,251892.09572976586
3059,586892.0931430578
3060,840931.1282088896
3061,407096.70666538033
3062,164780.87808595132
3063,227642.58169924424
3064,312399.0816435803
3065,570974.3749762829
3066,554309.4233483921
3067,839717.0171425815
3068,465172.36656464456
3069,380719.590499586
3070,221023.42504563223
3071,765221.7013945843
3072,460698.7824667882
3073,387184.11871712137
3074,383722.2578374479
3075,180380.17488339817
3076,561796.4397982403
3077,500749.62934538326
3078,630003.2194230036
3079,1258060.8684119475
3080,766910.6612252165
3081,651527.2670103553
3082,650628.5672571245
3083,514410.8339526921
3084,617255.9783479276
3085,593189.4429769581
3086,490766.49102835346
3087,624209.570102076
3088,939824.4388501674
3089,471221.0381455459
3090,642069.3381636854
3091,1622272.214665446
3092,560287.219734968
3093,679565.9689838623
3094,493924.4756068476
3095,414533.50119976193
3096,494377.262173129
3097,867711.5341482034
3098,492873.8790357017
3099,597300.0565481966
3100,137287.57638433136
3101,573173.9461580068
3102,683691.3897344989
3103,315892.7040752172
3104,485421.65386899264
3105,491086.87527603
3106,715900.3733707858
3107,700700.4913169164
3108,520848.152355345
3109,323397.6699143366
3110,584074.0421873066
3111,350363.5967060713
3112,447926.24689253664
3113,328211.3014311576
3114,580740.9678958901
3115,386379.222650314
3116,205345.47520423826
3117,934880.2779700188
3118,818128.964167498
3119,558548.5554490007
3120,364343.67516138323
3121,688542.5517538816
3122,527101.8418090949
3123,528767.102412784
3124,561444.548687659
3125,450692.5142814838
3126,327958.24232830724
3127,432404.07375206926
3128,804927.1447150356
3129,558405.978866949
3130,630271.5051736338
3131,493620.21862085647
3132,1053268.9431694741
3133,157462.81312565313
3134,407465.4512822954
3135,861481.5229223801
3136,631227.578342091
3137,191404.5031549608
3138,774670.7753423185
3139,725849.3846828473
3140,711050.5883515435
3141,220424.6991877707
3142,475110.61949501076
3143,894008.8599276058
3144,1145762.8409814173
3145,453345.8872023034
3146,623862.8623975696
3147,589888.4153461914
3148,396705.64123048855
3149,389284.375003475
3150,287327.1070555912
3151,2815281.655456565
3152,311391.9835115586
3153,648272.3747501858
3154,421291.92928212887
3155,271734.84030686517
3156,756243.2967582408
3157,440943.33634795604
3158,633051.5241781928
3159,298114.5897850173
3160,466349.2416189621
3161,609494.5169332328
3162,1215426.4849245823
3163,777709.5605986133
3164,517716.8988102641
3165,644472.3743327172
3166,349302.1998843445
3167,617018.891717464
3168,1317470.2795102375
3169,316908.62171145197
3170,2144053.676337533
3171,554852.9215867119
3172,296118.2465162872
3173,277303.04653253115
3174,197092.25733803556
3175,602721.3313177796
3176,877578.2496982785
3177,710701.8363241173
3178,857200.6852660347
3179,776302.2925904407
3180,438930.22040627047
3181,1523620.0943403793
3182,425241.0745853532
3183,613700.806809457
3184,624149.1719362964
3185,354736.6987166725
3186,447684.8345033338
3187,472396.31498079846
3188,522192.98885728134
3189,444350.8220174697
3190,635487.3811611881
3191,276302.94814387633
3192,580372.5133335647
3193,1063020.5821892277
3194,935341.895738211
3195,756404.2007867701
3196,350642.642714305
3197,819899.2515523653
3198,1040449.1891430928
3199,667131.2681919918
3200,550976.430052572
3201,470870.638433435
3202,651944.4486864882
3203,969418.9078755662
3204,445047.45512045285
3205,377244.0438274719
3206,607969.2835995421
3207,705078.3329808457
3208,596717.9444934336
3209,300096.29479182884
3210,1251576.7419841094
3211,787400.1424357787
3212,586431.1936544444
3213,546053.5076090537
3214,152448.40190832823
3215,502480.78675467765
3216,655817.7194392629
3217,226436.61067784752
3218,544800.4746026583
3219,444441.0762055745
3220,564504.1539102553
3221,733589.5085902326
3222,162861.93999577788
3223,341994.99586064357
3224,546735.9548479093
3225,691276.0806034514
3226,410027.34282384405
3227,302212.6596864529
3228,1329522.8522095392
3229,449258.67510321655
3230,858889.4220436004
3231,614125.4725311826
3232,561618.7842839779
3233,340680.40432682226
3234,717766.5315591027
3235,492569.00152593234
3236,826876.0344289208
3237,1483831.0448390394
3238,643539.8372942636
3239,312598.1719830389
3240,659033.3140158925
3241,782328.5412318251
3242,330589.7283357296
3243,145255.43542549704
3244,890422.5237218116
3245,1424627.466394825
3246,383777.43341869937
3247,117369.95180290504
3248,88752.6369459104
3249,174350.11708592396
3250,487968.7561510048
3251,350347.8704786092
3252,624280.8217183922
3253,657848.4246507387
3254,548142.6123262757
3255,744736.9008889553
3256,461450.23251015146
3257,371813.56733645644
3258,232803.29805753753
3259,559918.8748627446
3260,360922.82396389125
3261,638776.111052068
3262,514240.58566754946
3263,169865.75364509804
3264,620194.4067129632
3265,456607.1404733518
3266,498189.7578714633
3267,363542.07493526523
3268,492823.9550076524
3269,400314.1762166235
3270,761137.2721847487
3271,231702.9460948747
3272,334286.3322949836
3273,1414052.68771717
3274,730443.997790766
3275,915988.5881217008
3276,373696.94271525816
3277,689496.335293037
3278,550342.4327841795
3279,949526.2667072659
3280,773840.102894491
3281,528955.6074037033
3282,275712.38003755576
3283,566859.673997653
3284,478286.86337595264
3285,500466.1338514101
3286,563303.029548783
3287,726667.7651092595
3288,1869157.7924303995
3289,335766.6206305715
3290,301072.4065684439
3291,190875.15460236583
3292,266758.62811549875
3293,765185.3608064705
3294,322553.0561236675
3295,412300.7901530992
3296,698654.4165197972
3297,904641.2113290088
3298,459953.96700319817
3299,359513.0120848823
3300,404813.39463838073
3301,315831.0904774484
3302,880486.0075134248
3303,1052272.244984256
3304,767412.4642499842
3305,330423.9112994593
3306,726401.4625368648
3307,624051.6525047515
3308,605200.0706010396
3309,722336.7168445712
3310,427146.96005148074
3311,546211.3870669561
3312,657303.1449785648
3313,326225.1868561895
3314,506479.0285230734
3315,433100.72745063104
3316,566295.3467264889
3317,842737.0074838612
3318,595107.5380329927
3319,997536.4182691408
3320,431103.4670921416
3321,768757.8256243141
3322,298216.7462043182
3323,458172.3012972053
3324,401545.6487795595
3325,382012.13634906756
3326,316680.673529352
3327,356500.5425945335
3328,715310.2293753314
3329,728406.5276710871
3330,763689.7283364248
3331,484184.43909055745
3332,630565.0031696514
3333,1151353.8080095395
3334,554126.1616769629
3335,1034757.5770337717
3336,440880.04173896683
3337,565692.6056048018
3338,570213.6775017242
3339,324894.00679570145
3340,200436.7617319368
3341,412580.4708909738
3342,873006.1119465586
3343,559525.1891967251
3344,429827.95143847936
3345,693529.4512839346
3346,404405.78766640753
3347,287169.48441673565
3348,83428.10893069534
3349,401402.2915945545
3350,749988.346448272
3351,341211.4351211735
3352,482341.63469438656
3353,709492.4358176464
3354,606880.62032599
3355,501045.8151326161
3356,499170.82439981756
3357,665550.5693994897
3358,540005.415338425
3359,617606.8902185769
3360,494434.15196863934
3361,654894.8817235414
3362,426713.2212467004
3363,315564.4007071237
3364,268420.8067463764
3365,731607.7955085541
3366,548113.5342286759
3367,385592.79073956225
3368,554059.5053467164
3369,336898.81101503223
3370,486632.49039587576
3371,723690.5509976861
3372,536978.8801641237
3373,121968.83706947247
3374,1785615.398038443
3375,466275.6421817028
3376,685351.6548165285
3377,290440.3245719345
3378,478466.65524924506
3379,318451.52342431573
3380,366651.6195288942
3381,433794.8821188763
3382,388971.1780923331
3383,373479.8454825295
3384,1243925.100052648
3385,482861.8227852342
3386,1060649.593211811
3387,140284.2964858337
3388,473916.7614134764
3389,887961.7324543123
3390,169507.04375139382
3391,827810.6232836804
3392,772226.941430708
3393,464804.4730697188
3394,485254.3782557566
3395,691330.8051095535
3396,336132.5032825562
3397,568592.174128661
3398,317969.15569168323
3399,204714.10023163608
3400,249658.04562633194
3401,711277.1260985164
3402,434952.8539966036
3403,618089.5785332408
3404,731833.4268582378
3405,675625.7271089104
3406,561551.2234962633
3407,224517.20197794278
3408,502884.1985866227
3409,147967.97956610273
3410,343706.88657555357
3411,437097.4034621399
3412,404239.99205119844
3413,1597677.8033927986
3414,273173.2554589334
3415,418191.3986176165
3416,364825.5639398212
3417,433795.42155595846
3418,302956.22468854603
3419,126605.22421072805
3420,157041.0648917797
3421,811962.0011942637
3422,479666.5403801281
3423,704675.484508648
3424,439171.3968847256
3425,809825.7739970761
3426,331229.2945463542
3427,323229.41855487076
3428,676043.8543633143
3429,392151.6101681541
3430,226532.5863118962
3431,581371.660635446
3432,689473.370377586
3433,406294.31516794255
3434,551807.5107553988
3435,381009.94700992724
3436,629832.7291993164
3437,413160.7099849058
3438,230604.59965194322
3439,1102543.8877643817
3440,573166.5336061368
3441,352419.1847605668
3442,393231.89099967224
3443,597320.2004147873
3444,207794.18671512028
3445,326597.932590012
3446,47055.20837165526
3447,282958.00066176616
3448,1173591.3821171918
3449,526478.1707926064
3450,536626.8253344127
3451,381327.957136829
3452,888333.0221405884
3453,337040.95800240303
3454,413723.04081634793
3455,547668.2060152157
3456,321014.9268411251
3457,336347.7668464448
3458,417457.3844910451
3459,161471.4984756587
3460,399521.9257041669
3461,858178.5712554809
3462,161561.12388992403
3463,829258.7611585185
3464,593540.992194013
3465,777206.6437253793
3466,500538.5685781274
3467,181049.0590834386
3468,381532.0288587564
3469,268547.06089329557
3470,911870.1409811025
3471,825075.5338939921
3472,1149314.9525642488
3473,439142.66375682584
3474,604850.4920957815
3475,845402.8335541552
3476,434150.2417820289
3477,2399616.219736267
3478,390234.23527605936
3479,826120.2944766436
3480,645630.1914775473
3481,767918.197349197
3482,437445.07786508184
3483,563497.4000825293
3484,344242.6699388236
3485,555747.5923758978
3486,497629.0967301465
3487,204516.44574100175
3488,556778.9816382701
3489,389076.3958478524
3490,630065.7045256267
3491,535724.7925867646
3492,844932.0732465532
3493,301925.5730953295
3494,550514.5188806691
3495,570775.714946955
3496,551847.7141275571
3497,368404.21999726736
3498,468344.7228987592
3499,494728.6681761356
3500,511752.97958749154
3501,523209.13744682877
3502,851973.6116756498
3503,759220.9177114514
3504,524521.0425713076
3505,530962.8503371307
3506,242137.66706587555
3507,281072.73339464446
3508,492590.51982999226
3509,717366.1801310731
3510,639620.8493111179
3511,717109.8145534667
3512,686600.7986180009
3513,341837.05157267355
3514,413357.2869140487
3515,487722.41161925916
3516,271096.1165856529
3517,352402.51154562045
3518,250338.69907666865
3519,905035.8744566644
3520,258337.63769331636
3521,339613.5656680203
3522,285322.94318049785
3523,1361700.966575302
3524,427917.19908719853
3525,406456.08092671225
3526,857788.2291343147
3527,457476.67979276116
3528,910161.563267422
3529,231699.87116346945
3530,723965.2810873509
3531,555295.9034283775
3532,581209.3341744536
3533,1323246.5666937064
3534,1096524.4551206795
3535,285780.91287331155
3536,571151.5340373011
3537,471354.51011130225
3538,1323109.4722894365
3539,579262.8273463522
3540,1347309.4397724192
3541,523648.86808874184
3542,317665.8569697185
3543,364348.55748956604
3544,340868.72248845006
3545,509166.11672532675
3546,314711.724685351
3547,766153.1844274824
3548,1588084.5187332355
3549,258904.7129086747
3550,516384.05849505623
3551,1364796.577908164
3552,568318.7600486802
3553,759267.7453338389
3554,732775.6257542309
3555,473938.5863086902
3556,734720.8817677867
3557,502192.64639505337
3558,312114.56873432815
3559,376296.935034656
3560,395845.1564897235
3561,214824.83001001138
3562,884540.5463120509
3563,344507.25536385825
3564,859063.4827824235
3565,489595.344198728
3566,394847.345260767
3567,403182.8088050939
3568,380487.95267194044
3569,497356.99675324897
3570,756989.2293766121
3571,521218.8801847829
3572,375354.1485369528
3573,579828.4274919707
3574,1016599.3334442143
3575,815685.4496483151
3576,919871.1387824016
3577,196498.9802040587
3578,358389.0057571754
3579,585240.5346241171
3580,427973.4627534836
3581,1050800.7476372435
3582,871674.3740083636
3583,164498.3671631705
3584,657104.4577827975
3585,344310.28574475425
3586,299590.7681903857
3587,317717.3533940348
3588,328944.6429679309
3589,478669.06432748464
3590,563445.3234339433
3591,604547.4299948512
3592,599252.7385698009
3593,439746.6245579345
3594,321051.27328175056
3595,507558.31382221135
3596,267909.4073043021
3597,420286.30708421976
3598,481585.1270130047
3599,308209.92693664355
3600,216887.89312481304
3601,516217.089595185
3602,689329.306304354
3603,743337.7561369445
3604,608903.8657562773
3605,696098.155029
3606,193810.02968421232
3607,1468395.4109202274
3608,565062.9443691992
3609,454522.52724645555
3610,303564.3245677749
3611,430338.003797095
3612,1072496.7145112664
3613,476228.29133266263
3614,530744.408344171
3615,520912.1662987567
3616,-20495.92284877802
3617,275851.44721522834
3618,385198.81364337273
3619,525451.6313011084
3620,242645.9443542382
3621,472765.08267669845
3622,202975.60310254898
3623,398672.0829448863
3624,604396.0662279224
3625,108406.29206630628
3626,579767.0788193292
3627,777875.2606795373
3628,342646.0963785961
3629,224499.84335109248
3630,1094188.6637666472
3631,1211776.6419239172
3632,556989.2984097926
3633,1626079.1205581545
3634,336622.56082343473
3635,197156.0317347624
3636,676720.9484285719
3637,505021.2331366027
3638,281327.8239506295
3639,833360.6139474616
3640,468506.9721536046
3641,292518.5905062381
3642,148080.41386478243
3643,1086947.9093734773
3644,756072.3270488698
3645,603676.4220653827
3646,361931.57309101225
3647,477558.74927890184
3648,591228.9046697521
3649,1011355.283886536
3650,835625.2882869445
3651,617079.5183587611
3652,498792.0593265475
3653,367757.93783604517
3654,857290.134327005
3655,719825.6960118935
3656,-15832.039179680403
3657,613600.8925036377
3658,569404.0465521537
3659,402522.0916861107
3660,920297.0737512326
3661,817150.2776260223
3662,536081.051532434
3663,290003.799853177
3664,525426.5734576741
3665,283427.4882921014
3666,508000.2400631325
3667,239452.07526703004
3668,381227.80865153554
3669,139110.0019666147
3670,692507.6982719636
3671,404191.3808928134
3672,363495.2582096497
3673,720620.8771117906
3674,580045.3220364184
3675,330019.49645805405
3676,1018284.812342695
3677,762455.06249833
3678,439495.6327801872
3679,194484.65753690383
3680,556765.2393613736
3681,486916.20997345273
3682,317580.6971729286
3683,1400918.9957042253
3684,548181.2471413168
3685,679511.4864716596
3686,893650.1789214248
3687,207314.44675230686
3688,408057.45148188714
3689,455600.4176110559
3690,460235.5641903772
3691,838670.7423135057
3692,786313.528389061
3693,50044.35920386773
3694,366308.72432184115
3695,167602.05212298935
3696,588981.8711471761
3697,572053.5725363037
3698,686030.9991223689
3699,529969.3795846722
3700,521687.7695522175
3701,1060437.2230673123
3702,480956.767421665
3703,390838.59479122586
3704,599190.4484623392
3705,532160.860123938
3706,1196915.3835439463
3707,668733.9294942869
3708,809122.0837781448
3709,277561.5427151442
3710,529105.6702147292
3711,859187.0371348821
3712,391822.9531300154
3713,538713.0867378324
3714,285914.0361736284
3715,434228.627932505
3716,357996.6146472902
3717,838389.2496153807
3718,673521.3988060427
3719,802881.740572297
3720,549608.1744503087
3721,683235.8321340868
3722,417457.2927040201
3723,668067.1206546482
3724,131065.2064879775
3725,130652.57608445286
3726,460957.0436818858
3727,587438.234020992
3728,316134.3248213363
3729,462543.0969307617
3730,510025.0679984958
3731,522567.845050674
3732,518575.65301777807
3733,522595.0171488676
3734,894387.8323707152
3735,862749.8808635292
3736,375156.0619994377
3737,339673.237845083
3738,300384.2690102443
3739,265991.0962052569
3740,586399.2275065489
3741,333081.5207067171
3742,606147.3905528772
3743,727227.6561667384
3744,984240.0622621914
3745,473221.1866243017
3746,721035.7973749342
3747,219771.01254408376
3748,214625.8373733234
3749,458374.11599129724
3750,2411773.96911815
3751,157739.82464401895
3752,218078.77790121944
3753,812265.3945860886
3754,441548.2791505422
3755,354087.407548019
3756,469809.4982936097
3757,677783.3217652026
3758,375596.9902231429
3759,673883.9535790819
3760,2595117.7152180756
3761,532160.0268794103
3762,911300.6875365119
3763,545101.282213978
3764,671757.60407702
3765,262642.2860518033
3766,197946.9514669756
3767,938113.3887842146
3768,396489.5316901217
3769,772930.5162318553
3770,495535.38106373604
3771,266037.31209028896
3772,453045.52358395257
3773,322595.7640763771
3774,707935.681653556
3775,509326.0981047411
3776,687029.7357141878
3777,404390.48806849367
3778,213180.8921842862
3779,230218.30933970868
3780,349555.55332267587
3781,740380.432166367
3782,763137.5257931883
3783,468370.0641252181
3784,532619.6082676594
3785,750193.3086474992
3786,562612.3135959047
3787,441160.5539486711
3788,478818.2192615697
3789,526569.7602478035
3790,266839.8805107248
3791,374783.46593808953
3792,885909.0520381791
3793,309723.0969599939
3794,517863.7390760104
3795,687973.8878979662
3796,240347.9135212195
3797,129823.74874876949
3798,610724.0467201835
3799,144735.3579838206
3800,680646.9139689269
3801,356976.4812449025
3802,320844.4626815505
3803,173903.5730666284
3804,715270.1596104021
3805,128095.3549536189
3806,501145.3439653237
3807,635504.845726892
3808,875448.8358533203
3809,531873.7651844907
3810,567500.0579966423
3811,566572.0010201648
3812,657834.0186270695
3813,674224.9757524348
3814,664668.0491942491
3815,1262151.8912087348
3816,384254.5867121946
3817,138689.7259909275
3818,586223.4452233166
3819,382638.9374045563
3820,650007.272196474
3821,496280.8325860272
3822,511682.95290491736
3823,244693.3356476827
3824,932586.4265611579
3825,517585.7888878111
3826,427517.114355132
3827,132787.83874314444
3828,727258.4197291278
3829,580031.1635711334
3830,752415.2446703336
3831,465550.8146105582
3832,595166.3823071842
3833,742252.6578972088
3834,368783.9195746998
3835,766343.0358696202
3836,556076.7663041628
3837,679850.8669758319
3838,705114.031190035
3839,313815.2394802235
3840,409178.7927255313
3841,382322.8853580454
3842,217740.40184154484
3843,672124.8956606446
3844,203023.53872273248
3845,600430.6388198737
3846,477540.3606464211
3847,322496.54767070955
3848,497525.87633384793
3849,426236.7262506182
3850,264373.1380142914
3851,1298803.406947517
3852,692696.3487174588
3853,841618.334862343
3854,630650.3505163456
3855,810005.5303567275
3856,416351.8762406409
3857,540935.5763103353
3858,1639011.3257478387
3859,818976.6351347584
3860,1145135.7006620024
3861,262643.3819455913
3862,435001.40456952725
3863,546798.9117908775
3864,1120847.6495492863
3865,256387.63777228945
3866,342780.3889706133
3867,537578.422006738
3868,951064.6039215977
3869,362888.48539615993
3870,342388.25503092224
3871,422571.10960379214
3872,963740.7874254022
3873,663025.6275166464
3874,450332.70648386906
3875,614390.6859781955
3876,1238244.4792544486
3877,76264.5466688489
3878,605347.0675041215
3879,559227.7250190082
3880,333142.8008799487
3881,901172.5951740606
3882,513556.9390607875
3883,722768.2507124873
3884,422274.7776387429
3885,926998.791910221
3886,866107.5658080163
3887,672974.4420688937
3888,813201.3244698963
3889,541806.7615851776
3890,241199.79118456427
3891,654906.9550713283
3892,122322.21536915249
3893,452077.61839586246
3894,512217.68193086045
3895,235131.29251490664
3896,498385.311110654
3897,407454.35768770543
3898,678933.7500247374
3899,452037.72775847476
3900,391207.98636620695
3901,629815.0146764148
3902,389875.51757358364
3903,910201.8778398628
3904,484981.49432958453
3905,450663.84924802394
3906,797059.5020295641
3907,339077.7311721366
3908,250646.98366657633
3909,481104.21877476515
3910,689425.7440133506
3911,2020643.5798921264
3912,504735.87539900484
3913,576409.1083144514
3914,791158.8971336382
3915,639631.0723113914
3916,495459.065279497
3917,553211.2801109874
3918,1073256.4685617378
3919,289057.74022791215
3920,565696.6633817318
3921,255268.79991548814
3922,550802.9311035664
3923,954091.2557159553
3924,432978.57181156025
3925,353976.15525758936
3926,424254.71982644417
3927,156021.58746669523
3928,562575.2771504562
3929,868419.2127429319
3930,692020.8677729376
3931,118712.64449010446
3932,389829.0710584242
3933,451644.4027582573
3934,518208.03068188287
3935,679360.2017500309
3936,314923.701135671
3937,794529.2682188387
3938,351613.7413860196
3939,455665.8336917295
3940,370395.7984386991
3941,354128.2666166688
3942,207589.69361097482
3943,415347.8478651382
3944,803696.691851009
3945,555812.1297284984
3946,305050.7945720941
3947,977417.580471441
3948,223076.54800652573
3949,193084.16519090853
3950,627413.6974204628
3951,780915.0905125039
3952,339744.11484621686
3953,507943.9631844921
3954,482644.3313949531
3955,297503.37673426024
3956,748775.5162779534
3957,515485.8720991784
3958,778692.106800715
3959,410042.68728421535
3960,313503.68169062136
3961,487307.42091379873
3962,239151.40196592917
3963,573482.5902954757
3964,760383.3497310252
3965,289349.07539206365
3966,432752.5081949627
3967,573906.9293543883
3968,1130181.2553963251
3969,294935.3202161507
3970,660035.8974428801
3971,806393.8899297636
3972,541432.8026222874
3973,245312.83082627595
3974,522320.1201977908
3975,619484.2587521696
3976,451854.7307652794
3977,240265.95956407877
3978,492060.8226907022
3979,374561.6822567434
3980,300077.4755495705
3981,361602.331018517
3982,243230.55304740707
3983,699274.6278771309
3984,568770.2998750437
3985,1040680.4730125688
3986,217873.26077768632
3987,396536.49896459735
3988,203303.40729808965
3989,481201.82757728064
3990,608833.1826886133
3991,424481.47849612345
3992,487593.2362780714
3993,967245.0905146333
3994,549095.3076466204
3995,269870.6940667748
3996,279014.7336296794
3997,378449.1733345103
3998,793244.1656113546
3999,554068.9837577931
4000,455881.7633087318
4001,269036.5041327788
4002,272167.0448545755
4003,366781.7093963813
4004,616349.6851110173
4005,59252.49359343585
4006,363137.8412124247
4007,390418.6814128853
4008,282852.09824232664
4009,538656.327052912
4010,532267.702405276
4011,569855.1175203853
4012,268413.2250221278
4013,265922.1210277763
4014,896910.8112624325
4015,486700.8736011197
4016,452545.7146041781
4017,196460.5085040233
4018,625111.4781183111
4019,463432.440010194
4020,2003717.5195110915
4021,562617.4795813495
4022,325295.8555685473
4023,604872.1618634181
4024,437997.0846763867
4025,422491.5686454112
4026,1579954.7097942403
4027,1039715.7261251165
4028,636301.3108893674
4029,453299.94191974873
4030,591176.618013877
4031,1158404.7468651186
4032,686892.1588106318
4033,963000.91110028
4034,179642.29172072987
4035,259121.65628484098
4036,386275.4065279183
4037,835429.0052388096
4038,821681.4434875464
4039,529020.3861645274
4040,409932.491758306
4041,141168.08113767125
4042,464308.7770667156
4043,1655071.9352554437
4044,589755.307824944
4045,629352.1887996313
4046,382828.5677135692
4047,534215.9188902597
4048,617150.159079665
4049,609264.8388989549
4050,245117.8487880772
4051,888347.8212902215
4052,451618.9601937373
4053,278508.36690086295
4054,1414527.013884892
4055,587788.7606111648
4056,735115.0791570559
4057,497291.3161226781
4058,564985.97720747
4059,425013.2738414976
4060,826444.5891810193
4061,603139.8641633803
4062,680908.8183742306
4063,443940.913587615
4064,292619.503476895
4065,805391.361979536
4066,214910.740098894
4067,715116.1662829542
4068,350004.40678810823
4069,528535.5325376801
4070,482117.6001744081
4071,394487.41360388556
4072,506828.92236532335
4073,381297.51837626233
4074,612887.9953429081
4075,364956.5311569083
4076,449074.5271368519
4077,545464.9101130515
4078,1617092.536167481
4079,294038.36547484994
4080,539136.0737512654
4081,458967.7580073223
4082,1677193.8312004725
4083,231853.60830397875
4084,566762.5461908528
4085,940086.0117651102
4086,640511.4861655444
4087,542510.7148355842
4088,301368.2444902253
4089,417118.6008107986
4090,344011.7476810783
4091,422545.12146878504
4092,400115.227440787
4093,1284027.5680700755
4094,777519.9509331235
4095,619672.5143727754
4096,-49456.99706672039
4097,462659.11465212144
4098,546077.5086237083
4099,230812.05661535612
4100,253118.16299893128
4101,263963.30159223935
4102,577887.1024309116
4103,276406.87032809085
4104,947390.6484492812
4105,838496.9515556651
4106,450131.45399738214
4107,527040.802054861
4108,491473.6813537875
4109,644815.8717024386
4110,300278.48538351094
4111,810619.9301633278
4112,232887.37082976976
4113,815353.7831416379
4114,502560.05396006117
4115,398051.72149378795
4116,611685.6372805277
4117,255289.47571571096
4118,388356.01235800737
4119,294088.44112729444
4120,776690.2104055652
4121,382130.1685310095
4122,262663.14890713734
4123,619054.023907334
4124,786710.451018908
4125,426756.54006278707
4126,636161.454571214
4127,661291.1752641236
4128,797551.7945058474
4129,570100.4654738391
4130,246975.36698103655
4131,633321.0261820976
4132,616424.6053149092
4133,390751.4194765336
4134,930381.5309753392
4135,1165990.8972240495
4136,1046594.9857172524
4137,271209.2540230218
4138,500409.0846466977
4139,338324.4712627223
4140,576618.737214947
4141,514129.4236648747
4142,676625.2291317754
4143,570225.3510902647
4144,467297.39327028336
4145,454259.98197339266
4146,541711.2776986405
4147,330448.93607099616
4148,822350.6323891247
4149,687088.3070379884
4150,638953.5520601274
4151,892581.6282188881
4152,579807.8149103785
4153,372253.81417116435
4154,615780.1899787483
4155,338377.77126102336
4156,251900.9284254157
4157,241126.2306643331
4158,394017.68145859754
4159,688161.6442333797
4160,629950.1013409975
4161,230960.19027291596
4162,325926.99525980593
4163,337396.6811504356
4164,482301.5104484657
4165,500332.264992913
4166,449598.1381066227
4167,522166.0084921309
4168,694034.1688640926
4169,433212.3849215836
4170,970283.2549305486
4171,408770.1334278436
4172,646173.8380344178
4173,267773.00625241915
4174,390781.6136412356
4175,843575.009345868
4176,449603.36883534136
4177,1979082.528266558
4178,604669.0937900194
4179,999157.6660852253
4180,303554.3147767598
4181,561001.3084535557
4182,564537.8911693599
4183,1452414.9183418774
4184,481057.8668191335
4185,246967.4040542342
4186,650063.7561262583
4187,864533.2718108138
4188,730196.5066418606
4189,232112.14029191493
4190,457131.6735565841
4191,563299.5021881708
4192,472444.9759363432
4193,655903.0276780688
4194,650934.7513902793
4195,1070210.1344797765
4196,886024.9318162752
4197,526092.4730853102
4198,592315.6691464863
4199,542567.9764756558
4200,373841.62073982286
4201,390738.064412897
4202,522729.075485426
4203,648048.441845804
4204,941846.4042000573
4205,409721.16726394097
4206,708701.6370145228
4207,480435.8587709138
4208,711313.0178316883
4209,910640.767917767
4210,535577.5308674601
4211,1008040.2390981046
4212,581109.5088856174
4213,671580.04852505
4214,878662.5508396947
4215,1294697.1967860865
4216,2138455.227097922
4217,764713.7291244665
4218,591722.9387842399
4219,620015.6854964894
4220,464586.3693290547
4221,290052.1108608638
4222,526762.1475286405
4223,364057.261161104
4224,2190474.4666454727
4225,927833.4168116589
4226,643364.3370221867
4227,533366.569861073
4228,555665.1696701726
4229,376776.81524551293
4230,1384052.4780602688
4231,1581734.1812837478
4232,451251.01171603904
4233,417316.48502065137
4234,592828.1632945781
4235,948833.2987492965
4236,139921.47497969074
4237,442761.9211006125
4238,551549.4323875406
4239,760629.9149257289
4240,2182930.5744513595
4241,545422.6644192943
4242,1267326.0348064997
4243,880778.8065493905
4244,542952.4973546063
4245,323250.72980464535
4246,327959.2710776384
4247,451690.795835727
4248,530405.9753252667
4249,443945.5725604029
4250,1210049.4024800383
4251,422175.0129004704
4252,818045.05743295
4253,676482.3960343172
4254,573941.3911560487
4255,283554.9626233855
4256,394956.7629608457
4257,741018.3965012815
4258,384357.2380080517
4259,448944.95348917786
4260,529817.8217115256
4261,1191483.957275507
4262,841160.631490012
4263,397231.7684987261
4264,233342.11925225562
4265,735343.9198886922
4266,773954.0946446317
4267,705651.7233376708
4268,694105.9712687174
4269,474661.86416181014
4270,355101.6572892788
4271,862954.7528594839
4272,595321.2688097917
4273,225586.6941811166
4274,676084.8632985012
4275,202860.6632460947
4276,638643.0598079188
4277,754917.4675903113
4278,1338917.818337719
4279,366850.9323396168
4280,440746.5225646299
4281,442117.9854162332
4282,355290.3625783005
4283,960176.1547001807
4284,703963.8059012194
4285,297007.14346754143
4286,2650618.096833577
4287,644049.3001188741
4288,391606.67561858206
4289,833600.0285692632
4290,535218.4772766188
4291,584876.5681477364
4292,644204.3906241806
4293,650982.3394198621
4294,519045.7230468503
4295,77596.38150307292
4296,429076.9598972934
4297,448319.4957852047
4298,471169.48929745506
4299,226295.4400138446
4300,1305725.4870679404
4301,303431.655842339
4302,530727.0471510103
4303,805511.5712899886
4304,283097.22759151034
4305,612701.1257043201
4306,612136.8679160699
4307,1083089.7624961957
4308,616935.675207672
4309,826943.9628544177
4310,1752846.4729457572
4311,369954.1538123117
4312,323395.5700510062
4313,469533.8340291182
4314,456404.75951024535
4315,445412.2597356426
4316,963808.3731461373
4317,472313.7527606251
4318,488622.263221952
4319,528129.3641839176
4320,656703.5965677218
4321,455548.6152619062
4322,706561.0200652379
